product_code,service_id,base_price,admin_fee,code,status
YAX5,1,5975,0,AX5,1
YAX10,1,10895,0,AX10,1
YAX25,1,24999,0,AX25,1
YAX30,1,30149,0,AX30,1
YAX50,1,49624,0,AX50,1
YAX100,1,98650,0,AX100,1
YAX15,1,15100,0,AX15,1
YAX150,1,149295,0,AX150,1
YAX200,1,197700,0,AX200,1
YAX300,1,298550,0,AX300,1
YAX500,1,498050,0,AX500,1
YAIGO1,1,13775,0,AIGO1,1
YAIGO2,1,23375,0,AIGO2,1
YAIGO3,1,30175,0,AIGO3,1
YAIGO5,1,43975,0,AIGO5,1
YAIGO8,1,57550,0,AIGO8,1
YAIGO25,1,87975,0,AIGO25,1
YAIGO50,1,137700,0,AIGO50,1
YAKY1,1,3900,0,AKY1,1
YAKY2,1,6910,0,AKY2,1
YAKS1,1,3975,0,AKS1,1
YAKS2,1,6850,0,AKS2,1
YAIM2,1,14750,0,AIM2,1
YAIM3,1,20775,0,AIM3,1
YAIM5,1,31975,0,AIM5,1
YAIM1,1,8975,0,AIM1,1
YAAG1,1,13300,0,AAG1,1
YAAG2,1,23050,0,AAG2,1
YAAG3,1,29600,0,AAG3,0
YAAG5,1,42880,0,AAG5,1
YAAG10,1,65100,0,AAG10,1
YAAG12,1,68500,0,AAG12,1
YAAG15,1,78500,0,AAG15,1
YAAG25,1,87300,0,AAG25,1
YAAG50,1,135700,0,AAG50,1
YAAG8,1,56110,0,AAG8,0
YAAGM1,1,8750,0,AAGM1,1
YAAGM2,1,15948,0,AAGM2,1
YAAGM3,1,20210,0,AAGM3,1
YAAGM5,1,31610,0,AAGM5,1
YAAO2,1,16975,0,AAO2,1
YAAO4,1,28450,0,AAO4,1
YAAO8,1,45100,0,AAO8,1
YAAO12,1,59845,0,AAO12,1
YAAS1,1,3875,0,AAS1,1
YAAS2,1,6875,0,AAS2,1
YAAY1,1,3875,0,AAY1,1
YAAY2,1,6875,0,AAY2,1
YAXD300,1,10050,0,AXD300,1
YAXD1,1,13975,0,AXD1,1
YAXD2,1,22975,0,AXD2,1
YAXD3,1,27975,0,AXD3,1
YAXD5,1,31745,0,AXD5,1
YAXD8,1,44875,0,AXD8,1
YAXA30,1,4900,0,AXA30,1
YAXA120,1,7900,0,AXA120,1
YAXO2,1,16350,0,AXO2,1
YAXO4,1,28000,0,AXO4,1
YAXO8,1,45975,0,AXO8,1
YAXO12,1,60975,0,AXO12,1
YAXT5,1,3550,0,AXT5,1
YAXT10,1,8950,0,AXT10,1
YAXT25,1,25250,0,AXT25,1
YAXT1,1,1250,0,AXT1,1
YDNA50,1,50325,0,DNA50,1
YDNA75,1,75360,0,DNA75,1
YDNA100,1,100360,0,DNA100,1
YDNA150,1,150360,0,DNA150,1
YDNA200,1,200360,0,DNA200,1
YDNA300,1,300360,0,DNA300,1
YDNA400,1,400360,0,DNA400,1
YDNA500,1,500360,0,DNA500,1
YDNA10,1,10360,0,DNA10,1
YDNA20,1,20360,0,DNA20,1
YDNA25,1,25360,0,DNA25,1
YDNA30,1,30325,0,DNA30,1
YDNA40,1,40325,0,DNA40,1
YDNA250,1,250445,0,DNA250,1
YDNA15,1,15360,0,DNA15,1
YDNA35,1,35360,0,DNA35,1
YDNA45,1,45360,0,DNA45,1
YDNA60,1,60360,0,DNA60,1
YDNA80,1,80320,0,DNA80,0
YDNA90,1,90320,0,DNA90,0
YDNA85,1,85320,0,DNA85,0
YDNA95,1,95320,0,DNA95,0
YDNA55,1,55320,0,DNA55,0
YDNA65,1,65320,0,DNA65,0
YDNA70,1,70320,0,DNA70,0
YGJ20,1,20605,0,GJ20,1
YGJ25,1,25605,0,GJ25,1
YGJ50,1,50605,0,GJ50,1
YGJ100,1,100605,0,GJ100,1
YGJ150,1,150605,0,GJ150,1
YGJ200,1,200605,0,GJ200,1
YGJ250,1,250985,0,GJ250,1
YGJ10,1,10605,0,GJ10,1
YGJ15,1,15605,0,GJ15,1
YGJ30,1,30925,0,GJ30,1
YGJ40,1,40925,0,GJ40,1
YGJ75,1,75605,0,GJ75,1
YGJ500,1,500985,0,GJ500,1
YGJ1000,1,1000985,0,GJ1000,1
YGJ35,1,35545,0,GJ35,0
YGJ45,1,45545,0,GJ45,0
YGJ55,1,55545,0,GJ55,0
YGJ60,1,60545,0,GJ60,0
YGJ65,1,65545,0,GJ65,0
YGJ70,1,70545,0,GJ70,0
YGJ80,1,80545,0,GJ80,0
YGJ85,1,85545,0,GJ85,0
YGJ90,1,90545,0,GJ90,0
YGJ95,1,95545,0,GJ95,0
YGJD20,1,20470,0,GJD20,1
YGJD50,1,50470,0,GJD50,1
YGJD75,1,75470,0,GJD75,1
YGJD100,1,100470,0,GJD100,1
YGJD150,1,150470,0,GJD150,1
YGJD200,1,200470,0,GJD200,1
YGJD10,1,10470,0,GJD10,1
YGJD25,1,25470,0,GJD25,1
YGJD30,1,30470,0,GJD30,1
YGJD40,1,40470,0,GJD40,1
YGJD300,1,300470,0,GJD300,1
YGJD400,1,400470,0,GJD400,1
YGJD500,1,500470,0,GJD500,1
YGJD15,1,15470,0,GJD15,1
YGJD35,1,35470,0,GJD35,1
YGJD45,1,45470,0,GJD45,1
YGJD55,1,55470,0,GJD55,1
YGJD60,1,60470,0,GJD60,1
YGJD65,1,65470,0,GJD65,1
YGJD70,1,70470,0,GJD70,1
YGJD80,1,80470,0,GJD80,1
YGJD85,1,85470,0,GJD85,1
YGJD90,1,90470,0,GJD90,1
YGJD95,1,95470,0,GJD95,1
YGP20,1,20450,0,GP20,1
YGP50,1,51045,0,GP50,1
YGP100,1,100970,0,GP100,1
YGP150,1,149750,0,GP150,1
YGP300,1,298725,0,GP300,1
YGP500,1,499625,0,GP500,1
YGBD100,1,100625,0,GBD100,1
YGBD150,1,150550,0,GBD150,1
YGBD200,1,200550,0,GBD200,1
YGBD250,1,250550,0,GBD250,1
YIAF4,1,30950,0,IAF4,1
YIAF14,1,57650,0,IAF14,0
YIAF20,1,83900,0,IAF20,1
YIAF30,1,97950,0,IAF30,1
YIAF9,1,39685,0,IAF9,1
YIAF16,1,60950,0,IAF16,1
YIAF25,1,102950,0,IAF25,0
YIAFJ1,1,5975,0,IAFJ1,1
YIAFJ2,1,11900,0,IAFJ2,1
YIAFJ5,1,15559,0,IAFJ5,1
YIAFJ4,1,16450,0,IAFJ4,1
YIAFJ7,1,20612,0,IAFJ7,1
YIAFJ55,1,28900,0,IAFJ55,1
YIAFT1,1,5975,0,IAFT1,1
YIAFT2,1,12000,0,IAFT2,1
YIAFT5,1,15559,0,IAFT5,1
YIAFT4,1,16500,0,IAFT4,1
YIAFT7,1,20612,0,IAFT7,1
YIAFT55,1,28900,0,IAFT55,1
YIAU1,1,30339,0,IAU1,1
YIAU2,1,50089,0,IAU2,1
YIAU7,1,91189,0,IAU7,1
YIAU10,1,101450,0,IAU10,1
YIAU99,1,154445,0,IAU99,1
YIAY7,1,11500,0,IAY7,1
YIAY15,1,14050,0,IAY15,1
YIDM1,1,20925,0,IDM1,0
YID1,1,8500,0,ID1,1
YID500,1,4650,0,ID500,1
YID2,1,16775,0,ID2,1
YID3,1,24775,0,ID3,1
YID4,1,32750,0,ID4,1
YID5,1,40750,0,ID5,1
YID6,1,48750,0,ID6,1
YID7,1,56775,0,ID7,1
YID8,1,64550,0,ID8,1
YID9,1,72550,0,ID9,1
YID10,1,80550,0,ID10,1
YIDN1,1,30975,0,IDN1,1
YIDN2,1,49875,0,IDN2,1
YIDN3,1,70975,0,IDN3,1
YIDN10,1,98975,0,IDN10,1
YIDN7,1,91775,0,IDN7,1
YIDN15,1,154950,0,IDN15,1
YIDN99,1,150975,0,IDN99,1
YIDN1M,1,16700,0,IDN1M,1
YVIDN99,1,161050,0,VIDN99,1
YVIDN15,1,126275,0,VIDN15,1
YVIDN10,1,100450,0,VIDN10,1
YVIDN7,1,89762,0,VIDN7,1
YVIDN2,1,48725,0,VIDN2,1
YVIDN1,1,29600,0,VIDN1,1
YVIDN1M,1,16600,0,VIDN1M,1
YIDF1,1,17975,0,IDF1,1
YIDF2,1,26750,0,IDF2,1
YIDF3,1,47950,0,IDF3,1
YIDF4,1,72850,0,IDF4,1
YIDF5,1,89975,0,IDF5,1
YVIDF5,1,94975,0,VIDF5,1
YVIDF4,1,71100,0,VIDF4,0
YVIDF3,1,54800,0,VIDF3,1
YIFC1,1,65575,0,IFC1,1
YIFC3,1,102975,0,IFC3,1
YIFC5,1,153975,0,IFC5,1
YIDFH1,1,27725,0,IDFH1,1
YIDFH2,1,49825,0,IDFH2,1
YIDFH3,1,87875,0,IDFH3,1
YVIDFH3,1,87400,0,VIDFH3,1
YVIDFH1,1,28175,0,VIDFH1,1
YVIDFH2,1,50770,0,VIDFH2,1
YVIFP4,1,32250,0,VIFP4,1
YVIFP8,1,37995,0,VIFP8,1
YVIFP14,1,64600,0,VIFP14,1
YVIFP20,1,82400,0,VIFP20,1
YVIFP30,1,103100,0,VIFP30,1
YI5,1,5895,0,I5,1
YI10,1,10795,0,I10,1
YI25,1,24875,0,I25,1
YI50,1,48975,0,I50,1
YI100,1,96975,0,I100,1
YI20,1,19995,0,I20,1
YI30,1,29725,0,I30,1
YI200,1,189975,0,I200,1
YI150,1,143700,0,I150,1
YI250,1,235975,0,I250,1
YI15,1,15105,0,I15,1
YI12,1,12195,0,I12,1
YI60,1,58975,0,I60,1
YI80,1,77985,0,I80,1
YI90,1,87235,0,I90,1
YI500,1,468975,0,I500,1
YI40,1,39295,0,I40,1
YI70,1,68975,0,I70,1
YI5S,1,6369,0,I5S,1
YI10S,1,11865,0,I10S,1
YI25S,1,28040,0,I25S,1
YIT3,1,10435,0,IT3,1
YIT4,1,48550,0,IT4,1
YIT12,1,13165,0,IT12,1
YIT25,1,25020,0,IT25,1
YITR5,1,5850,0,ITR5,1
YITR10,1,10350,0,ITR10,1
YITR25,1,24524,0,ITR25,1
YITR50,1,48574,0,ITR50,1
YITR100,1,96299,0,ITR100,1
YITR15,1,15117,0,ITR15,1
YITR20,1,19699,0,ITR20,1
YITR30,1,29349,0,ITR30,1
YITR40,1,38967,0,ITR40,1
YITR60,1,58124,0,ITR60,1
YITR70,1,68145,0,ITR70,1
YITR80,1,77699,0,ITR80,1
YITR90,1,87242,0,ITR90,1
YIDH1,1,4675,0,IDH1,1
YIDH3,1,5900,0,IDH3,1
YIDH7,1,10575,0,IDH7,1
YIDH15,1,13375,0,IDH15,1
YVIDH7,1,11950,0,VIDH7,1
YVIDH15,1,13950,0,VIDH15,1
YLINK10,1,10325,0,LINK10,1
YLINK20,1,20325,0,LINK20,1
YLINK30,1,30325,0,LINK30,1
YLINK40,1,40325,0,LINK40,1
YLINK50,1,50325,0,LINK50,1
YLINK100,1,100325,0,LINK100,1
YLINK200,1,200325,0,LINK200,1
YLINK300,1,300325,0,LINK300,1
YLINK500,1,500325,0,LINK500,1
YLINK15,1,15325,0,LINK15,1
YLINK60,1,60325,0,LINK60,1
YLINK80,1,80325,0,LINK80,1
YLINK90,1,90325,0,LINK90,1
YLINK25,1,25325,0,LINK25,1
YLINK35,1,35325,0,LINK35,1
YLINK45,1,45325,0,LINK45,1
YLINK75,1,75325,0,LINK75,1
YLINK250,1,250325,0,LINK250,1
YLINK125,1,125350,0,LINK125,1
YLINK150,1,150325,0,LINK150,1
YLINK55,1,55350,0,LINK55,1
YLINK85,1,85325,0,LINK85,1
YLINK95,1,95325,0,LINK95,1
YLINK350,1,350350,0,LINK350,1
YLINK400,1,400325,0,LINK400,1
YLINK450,1,450350,0,LINK450,1
YMXD5,1,7035,0,MXD5,1
YMXD10,1,12035,0,MXD10,1
YMXD15,1,17035,0,MXD15,1
YMXD20,1,22035,0,MXD20,1
YMXD30,1,32035,0,MXD30,1
YMXD40,1,42035,0,MXD40,1
YMXD50,1,52035,0,MXD50,1
YMXD100,1,102035,0,MXD100,1
YVO25,1,24995,0,VO25,1
YVO50,1,49995,0,VO50,1
YVO100,1,99995,0,VO100,1
YVO200,1,199995,0,VO200,1
YVO300,1,299995,0,VO300,1
YVO400,1,399995,0,VO400,1
YVO500,1,499995,0,VO500,1
YVO600,1,599995,0,VO600,1
YVO700,1,699995,0,VO700,1
YVO800,1,799995,0,VO800,1
YVO900,1,899995,0,VO900,1
YVO1000,1,999995,0,VO1000,1
YVO20,1,19995,0,VO20,1
YVO30,1,29995,0,VO30,1
YVO40,1,39995,0,VO40,1
YVO60,1,59995,0,VO60,1
YVO70,1,69995,0,VO70,1
YVO75,1,74995,0,VO75,1
YVO80,1,79995,0,VO80,1
YVO90,1,89995,0,VO90,1
YVO150,1,149995,0,VO150,1
YVO250,1,249995,0,VO250,1
YSHP20,1,20385,0,SHP20,1
YSHP25,1,25385,0,SHP25,1
YSHP30,1,30385,0,SHP30,1
YSHP50,1,50385,0,SHP50,1
YSHP75,1,75385,0,SHP75,1
YSHP100,1,100385,0,SHP100,1
YSHP200,1,200385,0,SHP200,1
YSHP300,1,300385,0,SHP300,1
YSHP400,1,400385,0,SHP400,1
YSHP500,1,500625,0,SHP500,1
YSHP15,1,15445,0,SHP15,1
YSHP35,1,35445,0,SHP35,1
YSHP40,1,40445,0,SHP40,1
YSHP45,1,45445,0,SHP45,1
YSHP55,1,55445,0,SHP55,1
YSHP60,1,60445,0,SHP60,1
YSHP65,1,65445,0,SHP65,1
YSHP70,1,70445,0,SHP70,1
YSHP80,1,80445,0,SHP80,1
YSHP85,1,85445,0,SHP85,1
YSHP90,1,90445,0,SHP90,1
YSHP95,1,95445,0,SHP95,1
YSM5,1,5070,0,SM5,1
YSM10,1,9950,0,SM10,1
YSM20,1,19825,0,SM20,1
YSM25,1,24610,0,SM25,1
YSM30,1,29750,0,SM30,1
YSM50,1,49029,0,SM50,1
YSM100,1,98900,0,SM100,1
YSM60,1,58990,0,SM60,1
YSM150,1,149300,0,SM150,1
YSM200,1,197975,0,SM200,0
YSM300,1,300700,0,SM300,1
YSM75,1,74249,0,SM75,1
YSM15,1,15010,0,SM15,1
YSMN6,1,29950,0,SMN6,1
YSMN10,1,45550,0,SMN10,1
YSMN18,1,69950,0,SMN18,1
YSMN30,1,70975,0,SMN30,1
YSMN2,1,10260,0,SMN2,1
YVSMN30,1,70975,0,VSMN30,1
YVSMN18,1,69950,0,VSMN18,1
YVSMN10,1,45550,0,VSMN10,1
YVSMN6,1,29950,0,VSMN6,1
YSMU2,1,22775,0,SMU2,1
YSMU3,1,40575,0,SMU3,1
YSMU4,1,55760,0,SMU4,1
YSMU5,1,78575,0,SMU5,1
YSMU7,1,96205,0,SMU7,1
YVSMU1,1,22940,0,VSMU1,1
YVSMU2,1,23050,0,VSMU2,1
YVSMU3,1,40250,0,VSMU3,1
YVSMU4,1,54800,0,VSMU4,1
YVSMU5,1,78450,0,VSMU5,1
YSMA2,1,10345,0,SMA2,1
YSMA12,1,42990,0,SMA12,1
YSMA30,1,66820,0,SMA30,1
YSMA45,1,96440,0,SMA45,1
YSMA60,1,121490,0,SMA60,1
YSMA3,1,15415,0,SMA3,1
YSMA6,1,29840,0,SMA6,1
YSMV20,1,20335,0,SMV20,1
YSMV30,1,79750,0,SMV30,1
YSMV10,1,10050,0,SMV10,1
YSMDV10,1,10050,0,SMDV10,1
YSMDV30,1,35225,0,SMDV30,0
YSMDV60,1,52675,0,SMDV60,0
YSMDV90,1,76325,0,SMDV90,0
YSMDV100,1,104575,0,SMDV100,0
YWIFI1,1,5130,0,WIFI1,1
YWIFI7,1,17170,0,WIFI7,1
YWIFI30,1,47150,0,WIFI30,1
YS5,1,5495,0,S5,1
YS10,1,10395,0,S10,1
YS20,1,20095,0,S20,1
YS25,1,25015,0,S25,1
YS50,1,49975,0,S50,1
YS100,1,98975,0,S100,1
YS200,1,198600,0,S200,1
YS150,1,149550,0,S150,1
YS300,1,296500,0,S300,1
YS1000,1,975800,0,S1000,1
YS500,1,487700,0,S500,1
YS1,1,1695,0,S1,1
YS30,1,29833,0,S30,1
YS40,1,40024,0,S40,1
YS60,1,59999,0,S60,1
YS70,1,69920,0,S70,1
YS80,1,79719,0,S80,1
YS90,1,89649,0,S90,1
YS75,1,73624,0,S75,1
YS15,1,15095,0,S15,1
YS35,1,34999,0,S35,1
YS45,1,44899,0,S45,1
YS55,1,54899,0,S55,1
YS65,1,64799,0,S65,1
YS85,1,84499,0,S85,1
YS95,1,94494,0,S95,1
YSB10,1,10595,0,SB10,1
YSB20,1,20395,0,SB20,1
YSB25,1,25395,0,SB25,1
YSB50,1,50395,0,SB50,1
YSB100,1,100475,0,SB100,1
YSB1,1,1795,0,SB1,1
YSB5,1,5795,0,SB5,1
YSB15,1,15495,0,SB15,1
YSB30,1,30345,0,SB30,1
YSB40,1,40345,0,SB40,1
YSB60,1,60345,0,SB60,1
YSB70,1,70445,0,SB70,1
YSB80,1,80745,0,SB80,1
YSB90,1,90594,0,SB90,1
YSDF100,1,6750,0,SDF100,1
YSDF250,1,8975,0,SDF250,1
YSDF500,1,10975,0,SDF500,1
YSDF1,1,16275,0,SDF1,1
YSDF2,1,31425,0,SDF2,1
YSDF4,1,55975,0,SDF4,1
YSDF8,1,66975,0,SDF8,1
YSDF3,1,43975,0,SDF3,1
YSDF5,1,59975,0,SDF5,1
YSDB3,1,44500,0,SDB3,1
YSDB8,1,91900,0,SDB8,1
YSDB12,1,101900,0,SDB12,1
YSDB25,1,164900,0,SDB25,1
YSDB50,1,211900,0,SDB50,1
YSDB5,1,68900,0,SDB5,1
YSDB3A,1,55900,0,SDB3A,1
YSDB8A,1,106900,0,SDB8A,1
YSDB12A,1,115900,0,SDB12A,1
YSDB25A,1,195900,0,SDB25A,1
YSDB5A,1,87900,0,SDB5A,1
YSDB50A,1,236900,0,SDB50A,1
YSDB3P,1,39575,0,SDB3P,1
YSDB8P,1,85975,0,SDB8P,1
YSDB5P,1,64900,0,SDB5P,1
YSDB12P,1,103990,0,SDB12P,1
YSDB25P,1,165950,0,SDB25P,0
YSDB50P,1,198500,0,SDB50P,0
YSDG1,1,25500,0,SDG1,1
YSDG2,1,52295,0,SDG2,1
YSDG6,1,98900,0,SDG6,1
YSDG12,1,152850,0,SDG12,1
YVSDB9,1,75900,0,VSDB9,1
YVSDB6,1,61400,0,VSDB6,1
YVSDB3,1,19350,0,VSDB3,1
YVSDB1,1,11350,0,VSDB1,1
YVSDB1M,1,7760,0,VSDB1M,1
YVSDA1,1,12200,0,VSDA1,1
YVSDA3,1,19450,0,VSDA3,1
YVSDA6,1,62100,0,VSDA6,1
YVSDA9,1,75050,0,VSDA9,1
YVSDY1,1,12950,0,VSDY1,1
YVSDY3,1,23650,0,VSDY3,1
YVSDY6,1,62100,0,VSDY6,1
YVSDY9,1,75650,0,VSDY9,1
YVSDY1M,1,11550,0,VSDY1M,1
YVSDY4,1,39100,0,VSDY4,1
YVSDT1,1,11850,0,VSDT1,1
YVSDT3,1,19200,0,VSDT3,1
YVSDT6,1,62200,0,VSDT6,1
YVSDT9,1,76000,0,VSDT9,1
YVSDT4,1,38700,0,VSDT4,1
YSDM11,1,12525,0,SDM11,1
YSDM13,1,18095,0,SDM13,1
YSDM17,1,22600,0,SDM17,1
YSDM23,1,28200,0,SDM23,1
YSDM27,1,36250,0,SDM27,0
YSDM37,1,43030,0,SDM37,0
YSDM53,1,23295,0,SDM53,1
YSDM57,1,63250,0,SDM57,1
YSDM101,1,35250,0,SDM101,1
YSDM103,1,53575,0,SDM103,1
YSDM107,1,66410,0,SDM107,1
YSTG5,1,6975,0,STG5,1
YSTG10,1,10395,0,STG10,1
YSTG20,1,12975,0,STG20,1
YSTG50,1,41000,0,STG50,1
YSTG100,1,93975,0,STG100,1
YSTG25,1,17975,0,STG25,1
YSA5,1,2410,0,SA5,1
YSA10,1,4174,0,SA10,1
YSA15,1,6400,0,SA15,1
YSA30,1,11950,0,SA30,1
YSA90,1,27950,0,SA90,1
YSA180,1,53600,0,SA180,1
YSA360,1,102500,0,SA360,1
YSP5,1,5475,0,SP5,0
YSP10,1,10325,0,SP10,0
YSP20,1,19999,0,SP20,1
YSP1,1,1614,0,SP1,1
YSS1,1,1550,0,SS1,1
YSS5,1,6190,0,SS5,1
YSS10,1,11200,0,SS10,0
YSS20,1,21989,0,SS20,1
YSS15,1,16300,0,SS15,0
YST5,1,5775,0,ST5,1
YST10,1,10775,0,ST10,1
YST20,1,20975,0,ST20,1
YST25,1,26975,0,ST25,1
YST50,1,54475,0,ST50,1
YST100,1,101575,0,ST100,1
YST8,1,9650,0,ST8,1
YST15,1,15600,0,ST15,1
YST26,1,22350,0,ST26,1
YST70,1,71975,0,ST70,1
YST120,1,111250,0,ST120,1
YST1,1,1825,0,ST1,0
YST2,1,4900,0,ST2,0
YST70,1,77250,0,ST70A,1
YST50,1,55450,0,ST50A,1
YST20,1,22450,0,ST20A,1
YST10,1,11500,0,ST10A,1
YST5,1,5950,0,ST5A,1
YSTR10,1,10474,0,STR10,1
YSTR20,1,19815,0,STR20,1
YSTR25,1,24365,0,STR25,1
YSTR50,1,47950,0,STR50,1
YSTR100,1,94950,0,STR100,1
YSTR15,1,14870,0,STR15,1
YSTR30,1,29065,0,STR30,1
YSTR40,1,38165,0,STR40,1
YSTR60,1,56395,0,STR60,1
YSTR70,1,65549,0,STR70,1
YSTR80,1,74145,0,STR80,1
YSTR90,1,82724,0,STR90,1
YT1,1,1460,0,T1,1
YT2,1,2429,0,T2,1
YT3,1,3423,0,T3,1
YT4,1,4612,0,T4,1
YT5,1,5595,0,T5,1
YT6,1,6699,0,T6,1
YT7,1,7679,0,T7,1
YT8,1,8649,0,T8,1
YT9,1,9629,0,T9,1
YT10,1,10299,0,T10,1
YT20,1,19995,0,T20,1
YT30,1,29874,0,T30,1
YT40,1,39239,0,T40,1
YT50,1,49500,0,T50,1
YT75,1,72685,0,T75,1
YT100,1,98975,0,T100,1
YT150,1,148499,0,T150,1
YT25,1,24975,0,T25,1
YT200,1,197869,0,T200,1
YT300,1,296108,0,T300,1
YT400,1,391750,0,T400,1
YT500,1,492585,0,T500,1
YT15,1,15000,0,T15,1
YTAB1,1,15650,0,TAB1,1
YTAB15,1,19250,0,TAB15,1
YTAB2,1,19700,0,TAB2,1
YTAB5,1,35750,0,TAB5,0
YTAB6,1,40650,0,TAB6,1
YTAB10,1,77250,0,TAB10,0
YVTDA1,1,19800,0,VTDA1,1
YVTDA2,1,23400,0,VTDA2,1
YVTDA3,1,31400,0,VTDA3,1
YTD8,1,49975,0,TD8,1
YTD1,1,16975,0,TD1,1
YTD2,1,19950,0,TD2,1
YTD3,1,28950,0,TD3,1
YTD6,1,39975,0,TD6,1
YTD16,1,91900,0,TD16,0
YTD7,1,47975,0,TD7,1
YTDA1,1,14975,0,TDA1,1
YTDA2,1,18975,0,TDA2,1
YTDA3,1,27975,0,TDA3,1
YTDA6,1,37975,0,TDA6,1
YTDA8,1,49975,0,TDA8,1
YTDA16,1,92975,0,TDA16,1
YTDA50,1,151500,0,TDA50,1
YTDA80,1,232625,0,TDA80,1
YTDA150,1,404075,0,TDA150,1
YTDA350,1,727550,0,TDA350,1
YTBM1,1,9750,0,TBM1,1
YTBM3,1,14250,0,TBM3,1
YTGM2,1,20325,0,TGM2,1
YTGM3,1,33500,0,TGM3,1
YTGM5,1,38400,0,TGM5,1
YTDH1,1,7200,0,TDH1,1
YTDH35,1,13400,0,TDH35,1
YTDH6,1,17300,0,TDH6,1
YTDH26,1,77648,0,TDH26,0
YTDH45,1,104157,0,TDH45,0
YTDR20,1,2550,0,TDR20,1
YTDR80,1,5450,0,TDR80,1
YTDR30,1,10250,0,TDR30,1
YTDR12,1,33050,0,TDR12,1
YTDR65,1,20550,0,TDR65,1
YTDR42,1,80900,0,TDR42,1
YTDL6,1,69307,0,TDL6,1
YTDL10,1,92975,0,TDL10,0
YTDL22,1,68750,0,TDL22,1
YTA4,1,4900,0,TA4,1
YTS10,1,10320,0,TS10,1
YTS30,1,30315,0,TS30,1
YTT5,1,5190,0,TT5,1
YTT15,1,15475,0,TT15,1
YTT30,1,30301,0,TT30,1
YTTR5,1,5520,0,TTR5,1
YTTR10,1,10300,0,TTR10,1
YTTR20,1,19860,0,TTR20,1
YTTR25,1,24765,0,TTR25,1
YTTR30,1,29595,0,TTR30,1
YTTR50,1,48915,0,TTR50,1
YTTR100,1,96715,0,TTR100,1
YTTR40,1,39455,0,TTR40,1
YTTR60,1,58375,0,TTR60,1
YTTR70,1,67835,0,TTR70,1
YTTR80,1,77295,0,TTR80,1
YTTR90,1,86755,0,TTR90,1
YX5,1,5975,0,X5,1
YX10,1,10895,0,X10,1
YX25,1,24950,0,X25,1
YX50,1,49975,0,X50,1
YX100,1,98775,0,X100,1
YX15,1,15120,0,X15,1
YX30,1,30148,0,X30,1
YX150,1,149295,0,X150,1
YX200,1,197700,0,X200,1
YX300,1,298550,0,X300,1
YX500,1,498050,0,X500,1
YXCF1,1,14510,0,XCF1,1
YXCF2,1,33975,0,XCF2,1
YXCF3,1,49975,0,XCF3,1
YXCF4,1,74975,0,XCF4,1
YXCF5,1,105975,0,XCF5,1
YXCF6,1,128975,0,XCF6,1
YVXCL11,1,75900,0,VXCL11,1
YVXCL6,1,50600,0,VXCL6,1
YVXCL3,1,34300,0,VXCL3,1
YVXCL1,1,15075,0,VXCL1,1
YVXCL31,1,131100,0,VXCL31,0
YVXCL21,1,107400,0,VXCL21,0
YXCX5,1,55975,0,XCX5,1
YXCX10,1,83975,0,XCX10,1
YXCX15,1,116975,0,XCX15,1
YXCX20,1,162975,0,XCX20,1
YXCX35,1,219975,0,XCX35,1
YXDF100,1,2650,0,XDF100,1
YXDF500,1,6975,0,XDF500,1
YXDF800,1,8975,0,XDF800,1
YXDF1,1,11975,0,XDF1,1
YXDF2,1,22975,0,XDF2,1
YXDF3,1,35975,0,XDF3,1
YXDF4,1,45975,0,XDF4,1
YXDF5,1,56975,0,XDF5,1
YXDF8,1,79975,0,XDF8,1
YXDF6,1,59975,0,XDF6,1
YXH30,1,24500,0,XH30,1
YXH54,1,55500,0,XH54,1
YXH90,1,88675,0,XH90,1
YXH117,1,110900,0,XH117,1
YXH162,1,163350,0,XH162,1
YXH198,1,199500,0,XH198,1
YXH45,1,43500,0,XH45,1
YXH5,1,5625,0,XH5,1
YXH10,1,9475,0,XH10,1
YXH8,1,9850,0,XH8,1
YXH15,1,14175,0,XH15,1
YXH20,1,18175,0,XH20,1
YXT1,1,10155,0,XT1,1
YXT2,1,14140,0,XT2,1
YXT3,1,33225,0,XT3,1
YXT4,1,33225,0,XT4,1
YXT5,1,71350,0,XT5,1
YXT7,1,94745,0,XT7,1
YXT8,1,137470,0,XT8,1
YXTL7,1,7900,0,XTL7,1
YXTL8,1,25540,0,XTL8,1
YXTR10,1,10520,0,XTR10,1
YXTR15,1,15235,0,XTR15,1
YXTR20,1,19700,0,XTR20,1
YXTR25,1,25011,0,XTR25,1
YXTR30,1,29476,0,XTR30,1
YXTR40,1,39006,0,XTR40,1
YXTR50,1,49276,0,XTR50,1
YXTR60,1,58706,0,XTR60,1
YXTR70,1,67636,0,XTR70,1
YXTR80,1,76566,0,XTR80,1
YXTR90,1,85496,0,XTR90,1
YXTR100,1,97105,0,XTR100,1
YPLN5,1,6765,0,PLN5,1
YPLN10,1,11765,0,PLN10,1
YPLN15,1,16765,0,PLN15,1
YPLN20,1,20195,0,PLN20,1
YPLN50,1,50195,0,PLN50,1
YPLN100,1,100195,0,PLN100,1
YPLN200,1,200195,0,PLN200,1
YPLN500,1,500195,0,PLN500,1
YPLN1000,1,1000195,0,PLN1000,1
YAX100,2,98575,0,AX100H,1
YAX10,2,10810,0,AX10H,1
YAX15,2,15035,0,AX15H,1
YAX200,2,198350,0,AX200H,1
YAX25,2,24725,0,AX25H,0
YAX30,2,29935,0,AX30H,1
YAX50,2,49350,0,AX50H,1
YAX5,2,5840,0,AX5H,1
YASRBPJSKSH,2,0,2500,ASRBPJSKSH,1
YID1,2,8100,0,ID9H,1
YID2,2,16100,0,IDB59H,1
YID3,2,24100,0,IG10H,1
YID4,2,32100,0,IG25H,1
YID500,2,4100,0,ID45H,1
YID5,2,40100,0,IG5H,1
YSDF250,2,10725,0,SDC10H,1
YSDF3,2,48025,0,SDX3H,1
YSDG1,2,25300,0,MAXDV1H,1
YXH54,2,57350,0,XD60H,1
YXH90,2,91975,0,XD120H,1
YID6,2,48100,0,IT5H,1
YID7,2,56100,0,IT10H,1
YID8,2,64100,0,IT25H,1
YID9,2,72300,0,IT50H,1
YI100,2,96585,0,I100H,1
YI10,2,11000,0,I10H,1
YI12,2,11967,0,I12H,1
YI15,2,15110,0,I15H,1
YI20,2,19850,0,I20H,1
YI200,2,190700,0,I200H,1
YI25,2,24800,0,I25H,1
YI30,2,29430,0,I30H,1
YI40,2,39230,0,I40H,1
YI50,2,48810,0,I50H,1
YI5,2,5925,0,I5H,1
YI60,2,58545,0,I60H,1
YI70,2,67945,0,I70H,1
YI80,2,77645,0,I80H,1
YI90,2,86895,0,I90H,1
YITR15,2,15300,0,TI15H,1
YIT12,2,14800,0,IPT2H,1
YIT25,2,25800,0,IPT3H,1
YIT4,2,50700,0,IPT4H,1
YSA10,2,5500,0,MASP10H,1
YSA15,2,7050,0,MASP15H,1
YSA30,2,13500,0,MASP30H,1
YSA90,2,31250,0,MASP90H,1
YDNA100,2,10650,0,DANA10H,0
YDNA10,2,100650,0,DANA100H,1
YDNA150,2,150650,0,DANA150H,1
YDNA200,2,200650,0,DANA200H,1
YDNA20,2,2000650,0,DANA2000H,1
YDNA250,2,25650,0,DANA25H,1
YDNA25,2,250650,0,DANA250H,1
YDNA300,2,300650,0,DANA300H,1
YDNA400,2,400650,0,DANA400H,1
YDNA500,2,50650,0,DANA50H,1
YDNA50,2,500650,0,DANA500H,1
YDNA75,2,75650,0,DANA75H,1
YGJD100,2,100095,0,GJD100H,1
YGJD10,2,10095,0,GJD10H,1
YGJD150,2,150095,0,GJD150H,1
YGJD200,2,200095,0,GJD200H,1
YGJD20,2,20095,0,GJD20H,1
YGJD25,2,25400,0,GJD25H,1
YGJD300,2,300400,0,GJD300H,1
YGJD500,2,500400,0,GJD500H,1
YGJD50,2,50095,0,GJD50H,1
YGJD75,2,75095,0,GJD75H,1
YGJ100,2,100800,0,GJK100H,1
YGJ10,2,10800,0,GJK10H,1
YGJ150,2,150800,0,GJK150H,1
YGJ15,2,15900,0,GJK15H,0
YGJ200,2,200800,0,GJK200H,1
YGJ20,2,20800,0,GJK20H,1
YGJ250,2,250800,0,GJK250H,1
YGJ25,2,25800,0,GJK25H,1
YGJ30,2,30800,0,GJK30H,1
YGJ40,2,40800,0,GJK40H,1
YGJ500,2,500800,0,GJK500H,1
YGJ50,2,50800,0,GJK50H,1
YGJ60,2,60800,0,GJK60H,1
YGJ70,2,70800,0,GJK70H,1
YGJ75,2,75800,0,GJK75H,1
YGJ80,2,80800,0,GJK80H,1
YGJ90,2,90800,0,GJK90H,1
YGBD100,2,101150,0,GRABD100H,1
YGBD150,2,151150,0,GRABD150H,1
YGBD200,2,201150,0,GRABD200H,1
YGBD250,2,251150,0,GRABD250H,1
YLINK100,2,100315,0,LINK100H,1
YLINK10,2,10315,0,LINK10H,1
YLINK150,2,150380,0,LINK150H,1
YLINK200,2,200380,0,LINK200H,1
YLINK20,2,20315,0,LINK20H,1
YLINK250,2,250380,0,LINK250H,1
YLINK25,2,25315,0,LINK25H,1
YLINK300,2,300380,0,LINK300H,1
YLINK30,2,30315,0,LINK30H,1
YLINK400,2,400380,0,LINK400H,1
YLINK500,2,500380,0,LINK500H,1
YLINK50,2,50315,0,LINK50H,1
YLINK75,2,75315,0,LINK75H,1
YMXD100,2,102800,0,MAXIM100H,0
YMXD10,2,12800,0,MAXIM10H,0
YMXD15,2,17800,0,MAXIM15H,0
YMXD20,2,22800,0,MAXIM20H,0
YMXD30,2,32800,0,MAXIM30H,0
YMXD40,2,42800,0,MAXIM40H,0
YMXD50,2,52800,0,MAXIM50H,0
YVO1000,2,100000,0,OVO100H,1
YVO100,2,1000000,0,OVO1000H,1
YVO150,2,150000,0,OVO150H,1
YVO200,2,200000,0,OVO200H,1
YVO20,2,2000000,0,OVO2000H,1
YVO250,2,25000,0,OVO25H,1
YVO25,2,250000,0,OVO250H,1
YVO300,2,30000,0,OVO30H,1
YVO30,2,300000,0,OVO300H,1
YVO400,2,40000,0,OVO40H,1
YVO40,2,400000,0,OVO400H,1
YVO500,2,50000,0,OVO50H,1
YVO50,2,500000,0,OVO500H,1
YVO600,2,60000,0,OVO60H,1
YVO60,2,600000,0,OVO600H,1
YVO700,2,70000,0,OVO70H,1
YVO70,2,700000,0,OVO700H,1
YVO75,2,750000,0,OVO750H,1
YVO800,2,80000,0,OVO80H,1
YVO80,2,800000,0,OVO800H,1
YVO900,2,90000,0,OVO90H,1
YVO90,2,900000,0,OVO900H,1
YSHP100,2,101175,0,SHOP100H,1
YSHP200,2,201175,0,SHOP200H,1
YSHP20,2,21175,0,SHOP20H,1
YSHP25,2,26175,0,SHOP25H,1
YSHP300,2,301175,0,SHOP300H,1
YSHP30,2,31175,0,SHOP30H,1
YSHP35,2,36175,0,SHOP35H,1
YSHP400,2,401175,0,SHOP400H,1
YSHP40,2,41175,0,SHOP40H,1
YSHP45,2,46175,0,SHOP45H,1
YSHP500,2,501175,0,SHOP500H,1
YSHP50,2,51175,0,SHOP50H,1
YSHP55,2,56175,0,SHOP55H,1
YSHP60,2,61175,0,SHOP60H,1
YSHP65,2,66175,0,SHOP65H,1
YSHP70,2,71175,0,SHOP70H,1
YSHP75,2,76175,0,SHOP75H,1
YSHP80,2,81175,0,SHOP80H,1
YSHP85,2,86175,0,SHOP85H,1
YSHP90,2,91175,0,SHOP90H,1
YSHP95,2,96175,0,SHOP95H,1
YGBD100,2,101100,0,GRABDV100H,0
YGBD150,2,151100,0,GRABDV150H,0
YGBD200,2,201100,0,GRABDV200H,0
YGBD250,2,251100,0,GRABDV250H,0
YSM100,2,97700,0,CM100H,1
YSM10,2,9925,0,CM10H,1
YSM150,2,147750,0,CM150H,1
YSM15,2,14875,0,CM15H,1
YSM200,2,196765,0,CM200H,1
YSM20,2,19750,0,CM20H,1
YSM25,2,24650,0,CM25H,1
YSM300,2,294350,0,CM300H,1
YSM30,2,29900,0,CM30H,1
YSM50,2,49150,0,CM50H,1
YSM5,2,4985,0,CM5H,1
YSM60,2,58925,0,CM60H,1
YSM75,2,74050,0,CM75H,1
YSMDV30,2,33900,0,CMDV10H,1
YS1000,2,995225,0,S1000H,1
YS100,2,99075,0,S100H,1
YS10,2,10350,0,S10H,1
YS150,2,149500,0,S150H,1
YS15,2,15075,0,S15H,1
YS200,2,198775,0,S200H,1
YS20,2,19985,0,S20H,1
YS25,2,24950,0,S25H,1
YS300,2,297600,0,S300H,1
YS30,2,30215,0,S30H,1
YS40,2,39775,0,S40H,1
YS500,2,497650,0,S500H,1
YS50,2,49800,0,S50H,1
YS55,2,54825,0,S55H,1
YS5,2,5435,0,S5H,1
YS60,2,60500,0,S60H,1
YS65,2,66000,0,S65H,1
YS70,2,70750,0,S70H,1
YS75,2,75165,0,S75H,1
YS80,2,80750,0,S80H,1
YS85,2,84660,0,S85H,1
YS90,2,90750,0,S90H,1
YS95,2,94610,0,S95H,1
YT100,2,98450,0,T100H,1
YT10,2,10500,0,T10H,1
YT150,2,147600,0,T150H,1
YT15,2,15205,0,T15H,1
YT20,2,19790,0,T20H,1
YT25,2,24765,0,T25H,1
YT300,2,29700,0,T30H,1
YT40,2,39475,0,T40H,1
YT50,2,49065,0,T50H,1
YT5,2,5635,0,T5H,1
YT75,2,75550,0,T75H,1
YSDB12P,2,123950,0,SDB14H,1
YSDB8P,2,93000,0,SDB10H,1
YVIDF3,2,55000,0,IDVF10H,1
YVIDF4,2,73700,0,IDVF18H,1
YGP100,2,100550,0,GPI100H,1
YGP150,2,151000,0,GPI150H,1
YGP20,2,20500,0,GPI20H,1
YGP300,2,301550,0,GPI300H,1
YGP500,2,502750,0,GPI500H,1
YGP50,2,51700,0,GPI50H,1
YXH90,2,141550,0,XD199H,0
YX100,2,98375,0,XR100H,1
YX10,2,10810,0,XR10H,1
YX15,2,14950,0,XR15H,1
YX200,2,197250,0,XR200H,1
YX25,2,24700,0,XR25H,1
YX30,2,29850,0,XR30H,0
YX50,2,49325,0,XR50H,1
YX5,2,5840,0,XR5H,1
YXCX20,2,168425,0,XLVIP20H,0
YXCX35,2,223550,0,XLVIP35H,1
YSDG25AOVH,2,24550,0,SDG25AOVH,1
YSDG25RNH,2,24550,0,SDG25RNH,1
YXDH15H,2,46950,0,XDH15H,1
YTD1H,2,17850,0,TD1H,1
YSDG25FFH,2,24500,0,SDG25FFH,1
YSDG25MLH,2,24500,0,SDG25MLH,1
YCMD61H,2,60650,0,CMD61H,1
YXDH12H,2,163000,0,XDH12H,1
YIDFR20H,2,60850,0,IDFR20H,1
YXDV11H,2,75000,0,XDV11H,1
YDML167H,2,48900,0,DML167H,0
YXDH16H,2,200900,0,XDH16H,1
YTDIP1H,2,26000,0,TDIP1H,0
YTDRG1H,2,26650,0,TDRG1H,1
YIDH1H,2,9200,0,IDH1H,0
YTGIMX1H,2,25525,0,TGIMX1H,1
YSDG25BDH,2,25000,0,SDG25BDH,0
YSDG25GPH,2,24550,0,SDG25GPH,1
YSDG25LGRH,2,25000,0,SDG25LGRH,0
YGHDCU1H,2,1000,0,GHDCU1H,0
YSDG50AOVH,2,48700,0,SDG50AOVH,1
YSDG50RNH,2,48500,0,SDG50RNH,1
YXDV3H,2,34000,0,XDV3H,1
YGHDCU200H,2,21000,0,GHDCU200H,0
YCMD16H,2,99100,0,CMD16H,1
YIDFR30H,2,81250,0,IDFR30H,1
YXDV21H,2,104725,0,XDV21H,1
YGHDCU2BH,2,140000,0,GHDCU2BH,0
YSDG50BDH,2,48500,0,SDG50BDH,0
YSDG50LGRH,2,48500,0,SDG50LGRH,0
YTDRG2H,2,42500,0,TDRG2H,1
YTDIP2H,2,41000,0,TDIP2H,0
YTD2H,2,20850,0,TD2H,1
YSD100H,2,97850,0,SD100H,1
YSDG50MLH,2,48500,0,SDG50MLH,1
YSDG50FFH,2,49500,0,SDG50FFH,1
YDML30H,2,9150,0,DML30H,0
YGHDCU300H,2,39000,0,GHDCU300H,0
YIDFR40H,2,101925,0,IDFR40H,1
YDML33H,2,10000,0,DML33H,0
YDML345H,2,100250,0,DML345H,0
YGFF36500H,2,4763500,0,GFF36500H,1
YXDV31H,2,129500,0,XDV31H,1
YXDH3H,2,55700,0,XDH3H,1
YTGIMX2H,2,52350,0,TGIMX2H,1
YMAXDS1H,2,21000,0,MAXDS1H,1
YMAXDS12H,2,143000,0,MAXDS12H,1
YMAXDS3H,2,52000,0,MAXDS3H,1
YMAXDS6H,2,82000,0,MAXDS6H,1
YTD3H,2,29850,0,TD3H,1
YSDG75AOVH,2,74500,0,SDG75AOVH,1
YSDG75RNH,2,74300,0,SDG75RNH,1
YGHDCU400H,2,40000,0,GHDCU400H,0
YDML45H,2,13700,0,DML45H,0
YSDG75BDH,2,74000,0,SDG75BDH,0
YSDG75LGRH,2,74000,0,SDG75LGRH,0
YSDX5H,2,101100,0,SDX5H,1
YIDFR6H,2,30135,0,IDFR6H,1
YID4H,2,64400,0,ID4H,0
YSPT20H,2,22750,0,SPT20H,1
YSPT25H,2,26250,0,SPT25H,1
YID5H,2,61013,0,ID5H,0
YTD6H,2,38800,0,TD6H,1
YDML60H,2,18200,0,DML60H,0
YGHDCU60H,2,7500,0,GHDCU60H,0
YDML67H,2,20200,0,DML67H,0
YSDG75FFH,2,74500,0,SDG75FFH,1
YSDG75MLH,2,74400,0,SDG75MLH,1
YXDH6H,2,92225,0,XDH6H,1
YXDV6H,2,50000,0,XDV6H,1
YDML702H,2,198300,0,DML702H,0
YDML75H,2,22100,0,DML75H,0
YTGIMX3H,2,100525,0,TGIMX3H,1
YIDFR10H,2,40275,0,IDFR10H,1
YXDH8H,2,117000,0,XDH8H,1
YGAR1030H,2,132000,0,GAR1030H,1
YGAR11600H,2,1284500,0,GAR11600H,1
YGAR2100H,2,262500,0,GAR2100H,1
YGAR3240H,2,387000,0,GAR3240H,1
YGAR5500H,2,652500,0,GAR5500H,1
YGAR8550H,2,966500,0,GAR8550H,1
YAXDM1H,2,9800,0,AXDM1H,0
YAXDM2H,2,17100,0,AXDM2H,0
YAXDM3H,2,21300,0,AXDM3H,0
YAXDM5H,2,32300,0,AXDM5H,0
YSTAM10H,2,184000,0,STAM10H,1
YSTAM25H,2,460000,0,STAM25H,1
YTAMZ2H,2,45025,0,TAMZ2H,1
YTAMZ1H,2,16275,0,TAMZ1H,1
YTAMZM2H,2,21350,0,TAMZM2H,1
YTAMZM1H,2,8350,0,TAMZM1H,1
YGAOV1430H,2,302500,0,GAOV1430H,1
YGAOV18H,2,5500,0,GAOV18H,0
YGAOV230H,2,50600,0,GAOV230H,1
YGAOV2390H,2,502500,0,GAOV2390H,1
YGAOV40H,2,10600,0,GAOV40H,1
YGAOV470H,2,101000,0,GAOV470H,1
YGAOV7H,2,2500,0,GAOV7H,0
YGAOV90H,2,20600,0,GAOV90H,1
YGAOV950H,2,201500,0,GAOV950H,1
YAXD10H,2,87700,0,AXD10H,1
YAXD12H,2,69450,0,AXD12H,1
YAXD16H,2,122700,0,AXD16H,1
YAXD1H,2,17800,0,AXD1H,1
YAXD2H,2,25650,0,AXD2H,1
YAXD300H,2,10160,0,AXD300H,1
YAXD3H,2,32150,0,AXD3H,1
YAXD5H,2,48150,0,AXD5H,1
YAXDV1H,2,13450,0,AXDV1H,1
YAXDV2H,2,23250,0,AXDV2H,1
YAXDV6H,2,35900,0,AXDV6H,0
YAXDV3H,2,30000,0,AXDV3H,1
YAXDV5H,2,41850,0,AXDV5H,1
YAXDV16H,2,56700,0,AXDV16H,0
YAKS30H,2,15225,0,AKS30H,0
YAX300H,2,297700,0,AX300H,1
YAX1H,2,1025,0,AX1H,0
YAT3H,2,4600,0,AT3H,0
YBPXL80H,2,152800,0,BPXL80H,0
YBPXL40H,2,95700,0,BPXL40H,0
YBPXL15H,2,57700,0,BPXL15H,0
YBPXL130H,2,228850,0,BPXL130H,0
YBPXLH80H,2,152800,0,BPXLH80H,0
YBPXLH40H,2,95700,0,BPXLH40H,0
YBPXLH15H,2,57700,0,BPXLH15H,0
YBPXLH130H,2,228850,0,BPXLH130H,0
YAXD60H,2,49200,0,AXD60H,0
YAXDO16H,2,40100,0,AXDO16H,1
YAXDO24H,2,51800,0,AXDO24H,1
YAXDO32H,2,59950,0,AXDO32H,1
YAXDO48H,2,74800,0,AXDO48H,1
YAXDO80H,2,96800,0,AXDO80H,1
YAXDO2H,2,20500,0,AXDO2H,1
YAXDO4H,2,32550,0,AXDO4H,1
YAXDO8H,2,52550,0,AXDO8H,1
YAXDO12H,2,67800,0,AXDO12H,1
YAXD30H,2,49200,0,AXD30H,0
YSMD50H,2,49625,0,SMD50H,0
YBSF10H,2,9125,0,BSF10H,0
YBSF100H,2,90125,0,BSF100H,0
YBSF25H,2,22625,0,BSF25H,0
YBSF5H,2,4625,0,BSF5H,0
YBSF50H,2,45125,0,BSF50H,0
YBSF500H,2,450125,0,BSF500H,0
YTDIP53H,2,41000,0,TDIP53H,1
YTDIP101H,2,31000,0,TDIP101H,1
YTDIP103H,2,51000,0,TDIP103H,1
YGCOD200H,2,190200,0,GCOD200H,1
YGCOD20H,2,19100,0,GCOD20H,1
YGCOD300H,2,285500,0,GCOD300H,1
YGCOD50H,2,47600,0,GCOD50H,1
YGCOD500H,2,475500,0,GCOD500H,1
YGCOD100H,2,95100,0,GCOD100H,1
YGCOD1000H,2,950500,0,GCOD1000H,1
YGCOD10H,2,9600,0,GCOD10H,1
YGAS10H,2,9125,0,GAS10H,0
YGAS100H,2,90125,0,GAS100H,0
YGAS20H,2,18125,0,GAS20H,0
YTCATCH30H,2,43000,0,TCATCH30H,1
YTCATCH07H,2,13250,0,TCATCH07H,1
YTCATCH90H,2,85000,0,TCATCH90H,1
YVCC100H,2,103125,0,VCC100H,1
YVCC300H,2,308625,0,VCC300H,1
YVCC50H,2,51625,0,VCC50H,1
YVCOD1056H,2,195550,0,VCOD1056H,1
YVCOD106H,2,19650,0,VCOD106H,1
YVCOD1584H,2,293050,0,VCOD1584H,1
YVCOD2640H,2,488050,0,VCOD2640H,1
YVCOD264H,2,48225,0,VCOD264H,1
YVCOD5280H,2,975550,0,VCOD5280H,1
YVCOD53H,2,9850,0,VCOD53H,1
YSDB12H,2,99300,0,SDB12H,1
YSDB25H,2,189000,0,SDB25H,0
YGDG10H,2,9325,0,GDG10H,0
YGDG100H,2,92125,0,GDG100H,0
YGDG20H,2,18525,0,GDG20H,0
YGDG50H,2,46125,0,GDG50H,0
YIDM1H,2,20300,0,IDM1H,0
YID95H,2,12100,0,ID95H,1
YID11H,2,900,0,ID11H,1
YIDB89H,2,20100,0,IDB89H,1
YID13H,2,1750,0,ID13H,1
YID8H,2,6100,0,ID8H,1
YTDGM2H,2,20000,0,TDGM2H,1
YTDGM3H,2,32200,0,TDGM3H,1
YTDGM5H,2,37900,0,TDGM5H,1
YIDY1H,2,4475,0,IDY1H,1
YGPD10H,2,9125,0,GPD10H,0
YGPD100H,2,90125,0,GPD100H,0
YGPD20H,2,18125,0,GPD20H,0
YGPD250H,2,225125,0,GPD250H,0
YGPD50H,2,45125,0,GPD50H,0
YGEP2000H,2,88500,0,GEP2000H,0
YGEP5000H,2,217500,0,GEP5000H,0
YGEP500H,2,22000,0,GEP500H,0
YSDX12H,2,132350,0,SDX12H,1
YSDX1H,2,25875,0,SDX1H,1
YSDB4H,2,69000,0,SDB4H,1
YSDX400H,2,10675,0,SDX400H,0
YSDX50H,2,213750,0,SDX50H,1
YGFFBH,2,138500,0,GFFBH,1
YGFFMH,2,28950,0,GFFMH,1
YIDFN60H,2,196103,0,IDFN60H,1
YIDFR50H,2,149900,0,IDFR50H,1
YIDFE10H,2,14803,0,IDFE10H,0
YIDFE2H,2,3803,0,IDFE2H,0
YIDFE30H,2,24803,0,IDFE30H,0
YIDFE6H,2,9803,0,IDFE6H,0
YIDFA10H,2,39803,0,IDFA10H,0
YIDFA2H,2,11803,0,IDFA2H,0
YIDFA6H,2,24803,0,IDFA6H,0
YIDFC2H,2,36490,0,IDFC2H,0
YIDFN14H,2,49103,0,IDFN14H,0
YIDFC3H,2,62275,0,IDFC3H,1
YIDFN20H,2,68828,0,IDFN20H,0
YIDFC4H,2,83845,0,IDFC4H,1
YIDFN30H,2,98203,0,IDFN30H,0
YIDFC5H,2,104950,0,IDFC5H,1
YIDFN4H,2,24603,0,IDFN4H,0
YIDFN50H,2,147103,0,IDFN50H,0
YIDFC6H,2,159275,0,IDFC6H,1
YIDFC1H,2,30900,0,IDFC1H,1
YIDFN8H,2,34503,0,IDFN8H,0
YIDF1H,2,65650,0,IDF1H,0
YIDN40H,2,38450,0,IDN40H,0
YIDF50H,2,49100,0,IDF50H,0
YIDFIN10H,2,59200,0,IDFIN10H,0
YIDN60H,2,64525,0,IDN60H,1
YIDFI3H,2,11445,0,IDFI3H,1
YIDF75H,2,73653,0,IDF75H,0
YIDFIN18H,2,80000,0,IDFIN18H,1
YIDN80H,2,85550,0,IDN80H,1
YIDFIN2H,2,16800,0,IDFIN2H,1
YIDF25H,2,24603,0,IDF25H,0
YIDF100H,2,98228,0,IDF100H,0
YIDFIN3H,2,25300,0,IDFIN3H,1
YIDFIN25H,2,100500,0,IDFIN25H,1
YIDN100H,2,106875,0,IDN100H,1
YIDN20H,2,19700,0,IDN20H,0
YIDFI2H,2,14928,0,IDFI2H,1
YIDN30H,2,35325,0,IDN30H,1
YIDFI1H,2,20898,0,IDFI1H,1
YIDFIN8H,2,38450,0,IDFIN8H,1
YIDLL12H,2,64600,0,IDLL12H,0
YIDLL20H,2,85600,0,IDLL20H,0
YIDLL8H,2,46050,0,IDLL8H,0
YIDNS100H,2,133575,0,IDNS100H,1
YIDNS50H,2,106875,0,IDNS50H,1
YIDFKD2H,2,86120,0,IDFKD2H,1
YIDFKD1H,2,27365,0,IDFKD1H,1
YFID14GBH,2,44175,0,FID14GBH,0
YFID28GBH,2,72705,0,FID28GBH,0
YFID7GBH,2,24375,0,FID7GBH,0
YIDF3H,2,98100,0,IDF3H,0
YIDFU40H,2,15800,0,IDFU40H,1
YIDSH10H,2,9802,0,IDSH10H,0
YIDSH20H,2,19652,0,IDSH20H,0
YIDFU3H,2,51245,0,IDFU3H,1
YID10H,2,96000,0,ID10H,0
YID6H,2,14903,0,ID6H,0
YID1H,2,26300,0,ID1H,0
YIDFU4H,2,71935,0,IDFU4H,1
YID2H,2,49400,0,ID2H,0
YIDFU5H,2,93260,0,IDFU5H,1
YID3H,2,67750,0,ID3H,0
YIDFU6H,2,104000,0,IDFU6H,1
YIDFU2H,2,31345,0,IDFU2H,1
YIDFU15H,2,9800,0,IDFU15H,0
YIDFU1H,2,16425,0,IDFU1H,0
YIDF5H,2,147203,0,IDF5H,0
YIDF10H,2,196503,0,IDF10H,0
YFUPO1000H,2,129500,0,FUPO1000H,0
YFUPO2000H,2,258000,0,FUPO2000H,0
YFUPO300H,2,41000,0,FUPO300H,0
YFUPO5000H,2,644000,0,FUPO5000H,0
YGFF1060H,2,187000,0,GFF1060H,0
YGFF12H,2,1950,0,GFF12H,1
YGFF120H,2,16500,0,GFF120H,1
YGFF1200H,2,160950,0,GFF1200H,1
YGFF140H,2,18800,0,GFF140H,1
YGFF100H,2,18800,0,GFF100H,1
YGFF1450H,2,187550,0,GFF1450H,1
YGFF20H,2,3800,0,GFF20H,1
YGFF2000H,2,246875,0,GFF2000H,1
YGFF210H,2,28975,0,GFF210H,1
YGFF2180H,2,283500,0,GFF2180H,1
YGFF25H,2,4200,0,GFF25H,1
YGFF280H,2,39150,0,GFF280H,1
YGFF30H,2,4950,0,GFF30H,1
YGFF310H,2,53700,0,GFF310H,0
YGFF355H,2,46650,0,GFF355H,1
YGFF3640H,2,475400,0,GFF3640H,1
YGFF5H,2,1450,0,GFF5H,1
YGFF50H,2,7515,0,GFF50H,1
YGFF520H,2,84300,0,GFF520H,0
YGFF5600H,2,800600,0,GFF5600H,0
YGFF70H,2,9375,0,GFF70H,1
YGFF720H,2,93250,0,GFF720H,1
YGFF7290H,2,961000,0,GFF7290H,1
YGFF73100H,2,9515500,0,GFF73100H,1
YGFF925H,2,135700,0,GFF925H,1
YGMWV150H,2,45125,0,GMWV150H,0
YGMWV1500H,2,450125,0,GMWV1500H,0
YGMWV300H,2,90125,0,GMWV300H,0
YGMWV3000H,2,900125,0,GMWV3000H,0
YGMWV600H,2,180125,0,GMWV600H,0
YGMB10H,2,9325,0,GMB10H,0
YGMB100H,2,92125,0,GMB100H,0
YGMB20H,2,18525,0,GMB20H,0
YGMB50H,2,46125,0,GMB50H,0
YTGMX3H,2,20750,0,TGMX3H,1
YTGMX1H,2,5750,0,TGMX1H,1
YTGMX2H,2,10750,0,TGMX2H,1
YTGMXFF1H,2,15525,0,TGMXFF1H,1
YTGMXML1H,2,15525,0,TGMXML1H,1
YGRN10H,2,10700,0,GRN10H,1
YGRN100H,2,96600,0,GRN100H,1
YGRN125H,2,142650,0,GRN125H,0
YGRN150H,2,142650,0,GRN150H,0
YGRN20H,2,20300,0,GRN20H,1
YGRN200H,2,237575,0,GRN200H,0
YGRN25H,2,28550,0,GRN25H,0
YGRN250H,2,285200,0,GRN250H,0
YGRN30H,2,28550,0,GRN30H,0
YGRN300H,2,285200,0,GRN300H,0
YGRN40H,2,47600,0,GRN40H,0
YGRN5H,2,4600,0,GRN5H,0
YGRN50H,2,49300,0,GRN50H,1
YGRN60H,2,57100,0,GRN60H,0
YGS10H,2,9775,0,GS10H,0
YGS100H,2,96150,0,GS100H,0
YGS20H,2,19150,0,GS20H,0
YGS200H,2,191700,0,GS200H,0
YGS30H,2,28900,0,GS30H,0
YGS300H,2,287800,0,GS300H,0
YGS50H,2,48300,0,GS50H,0
YMAXDV12H,2,148200,0,MAXDV12H,1
YMAXDV2H,2,49700,0,MAXDV2H,0
YMAXDV6H,2,105350,0,MAXDV6H,1
YGCGC10H,2,166005,0,GCGC10H,1
YGCGC20H,2,322285,0,GCGC20H,1
YCMDG3H,2,76500,0,CMDG3H,0
YCMDG1H,2,30000,0,CMDG1H,0
YCMDG2H,2,56500,0,CMDG2H,0
YGOV10H,2,9125,0,GOV10H,0
YGOV100H,2,90125,0,GOV100H,0
YGOV20H,2,18125,0,GOV20H,0
YGOV50H,2,45125,0,GOV50H,0
YSMD100H,2,97600,0,SMD100H,0
YGGE100H,2,99000,0,GGE100H,1
YGGE10H,2,10800,0,GGE10H,1
YGGE20H,2,20600,0,GGE20H,1
YGGE300H,2,295000,0,GGE300H,1
YGGE50H,2,50000,0,GGE50H,1
YGP10H,2,151300,0,GP10H,0
YGP100H,2,1422000,0,GP100H,0
YGP15H,2,233125,0,GP15H,0
YGP25H,2,360000,0,GP25H,0
YGP50H,2,706000,0,GP50H,0
YHAGO1650H,2,576200,0,HAGO1650H,0
YHAGO225H,2,75350,0,HAGO225H,1
YHAGO375H,2,151800,0,HAGO375H,1
YHAGO45H,2,16800,0,HAGO45H,1
YHAGO6H,2,2700,0,HAGO6H,0
YHAGO90H,2,30350,0,HAGO90H,0
YHAGO900H,2,301800,0,HAGO900H,1
YXDH5H,2,6200,0,XDH5H,0
YXD25H,2,26100,0,XD25H,0
YXD100H,2,102100,0,XD100H,0
YXD10H,2,11100,0,XD10H,0
YXDB50H,2,54100,0,XDB50H,0
YGIH10H,2,9425,0,GIH10H,0
YGIH100H,2,93125,0,GIH100H,0
YGIH20H,2,18725,0,GIH20H,0
YGIH50H,2,46625,0,GIH50H,0
YGIN10H,2,9125,0,GIN10H,0
YGIN100H,2,90125,0,GIN100H,0
YGIN20H,2,18125,0,GIN20H,0
YGIN50H,2,45125,0,GIN50H,0
YIDAP10H,2,38700,0,IDAP10H,0
YIDC10H,2,105600,0,IDC10H,1
YIDAP15H,2,53000,0,IDAP15H,0
YIDC1H,2,21900,0,IDC1H,1
YIDC2H,2,31300,0,IDC2H,1
YID20H,2,144200,0,ID20H,1
YIDC3H,2,40600,0,IDC3H,1
YIDC4H,2,50000,0,IDC4H,1
YIDAP5H,2,24700,0,IDAP5H,0
YIDC5H,2,59200,0,IDC5H,1
YIDC6H,2,68500,0,IDC6H,1
YIDC7H,2,77800,0,IDC7H,1
YIDC8H,2,87000,0,IDC8H,1
YIDC9H,2,96400,0,IDC9H,1
YIDUM10H,2,85600,0,IDUM10H,1
YIDUM1H,2,13300,0,IDUM1H,1
YIDUM2H,2,21300,0,IDUM2H,1
YIDUM3H,2,29400,0,IDUM3H,1
YIDUM4H,2,37300,0,IDUM4H,1
YIDUM5H,2,45300,0,IDUM5H,1
YIDUM6H,2,53300,0,IDUM6H,1
YIDUM7H,2,61500,0,IDUM7H,1
YIDUM8H,2,69400,0,IDUM8H,1
YIDUM9H,2,77500,0,IDUM9H,1
YIDG10H,2,52500,0,IDG10H,0
YIDG20H,2,105000,0,IDG20H,0
YIDG30H,2,157500,0,IDG30H,0
YIDG130H,2,525000,0,IDG130H,1
YIDG320H,2,1050000,0,IDG320H,1
YIDG65H,2,315000,0,IDG65H,0
YIDSA1H,2,32140,0,IDSA1H,0
YIDSA2H,2,48160,0,IDSA2H,0
YIDSA3H,2,45620,0,IDSA3H,0
YIDSA5H,2,104230,0,IDSA5H,0
YIDY10H,2,7525,0,IDY10H,0
YIDEX2H,2,37000,0,IDEX2H,0
YIDEX4H,2,51083,0,IDEX4H,0
YIDEX6H,2,68463,0,IDEX6H,0
YIDIF10H,2,59300,0,IDIF10H,1
YIDIF2H,2,17850,0,IDIF2H,1
YIDIF4H,2,27750,0,IDIF4H,0
YIT100H,2,98800,0,IT100H,0
YIDIU10H,2,95050,0,IDIU10H,1
YIDIU1H,2,30100,0,IDIU1H,1
YIDIU2H,2,49375,0,IDIU2H,1
YIDIU3H,2,69700,0,IDIU3H,1
YIDIU7H,2,89975,0,IDIU7H,1
YAGUH,2,200,0,AGUH,0
YIDB35H,2,87000,0,IDB35H,0
YIDB25H,2,43000,0,IDB25H,0
YIDB30H,2,59500,0,IDB30H,0
YI125H,2,118850,0,I125H,1
YI175H,2,166375,0,I175H,1
YIS20H,2,18700,0,IS20H,0
YIS25H,2,28325,0,IS25H,1
YIS5H,2,6775,0,IS5H,1
YIDM2H,2,35775,0,IDM2H,0
YITN10H,2,158600,0,ITN10H,1
YITN100H,2,1538000,0,ITN100H,1
YITN15H,2,238400,0,ITN15H,1
YITN25H,2,393250,0,ITN25H,1
YITN50H,2,778000,0,ITN50H,1
YTDIP107H,2,17100,0,TDIP107H,1
YTDIP153H,2,14100,0,TDIP153H,1
YTDIP157H,2,21200,0,TDIP157H,1
YTDIP257H,2,25200,0,TDIP257H,1
YKWC10H,2,9425,0,KWC10H,0
YKWC100H,2,93125,0,KWC100H,0
YKWC20H,2,18725,0,KWC20H,0
YKWC200H,2,186125,0,KWC200H,0
YKWC30H,2,28025,0,KWC30H,0
YKWC300H,2,279125,0,KWC300H,0
YKWC50H,2,46625,0,KWC50H,0
YTDM3H,2,13475,0,TDM3H,1
YTDM1H,2,10200,0,TDM1H,1
YCMD4H,2,60050,0,CMD4H,1
YCMD1H,2,19725,0,CMD1H,1
YCMD6H,2,145815,0,CMD6H,1
YCMD7H,2,198050,0,CMD7H,1
YCMD2H,2,29565,0,CMD2H,1
YTRD5GH,2,49600,0,TRD5GH,0
YTRD8GH,2,98600,0,TRD8GH,0
YTD10H,2,130950,0,TD10H,0
YTD4GH,2,53000,0,TD4GH,0
YTD5H,2,67300,0,TD5H,0
YTD8H,2,109950,0,TD8H,0
YGLA1650H,2,328000,0,GLA1650H,1
YGLA220H,2,43800,0,GLA220H,1
YGLA2500H,2,499000,0,GLA2500H,1
YGLA375H,2,74800,0,GLA375H,1
YGLA4125H,2,817750,0,GLA4125H,1
YGLA5500H,2,1090000,0,GLA5500H,1
YGLA75H,2,15600,0,GLA75H,1
YGLA825H,2,164800,0,GLA825H,1
YTLIONSP3H,2,15250,0,TLIONSP3H,1
YGLOKA11H,2,4275,0,GLOKA11H,1
YGLOKA15H,2,6250,0,GLOKA15H,1
YGLOKA187H,2,59075,0,GLOKA187H,1
YGLOKA1900H,2,588250,0,GLOKA1900H,1
YGLOKA24H,2,8975,0,GLOKA24H,1
YGLOKA259H,2,81025,0,GLOKA259H,1
YGLOKA38H,2,14250,0,GLOKA38H,1
YGLOKA380H,2,116825,0,GLOKA380H,1
YGLOKA518H,2,166125,0,GLOKA518H,1
YGLOKA52H,2,19150,0,GLOKA52H,1
YGLOKA8H,2,2975,0,GLOKA8H,1
YGLOKA94H,2,31950,0,GLOKA94H,1
YGLOKA950H,2,293750,0,GLOKA950H,1
YLY10H,2,9750,0,LY10H,0
YLY175H,2,171250,0,LY175H,0
YLY20H,2,19500,0,LY20H,0
YLY35H,2,34100,0,LY35H,0
YLY500H,2,490000,0,LY500H,0
YLY5H,2,5325,0,LY5H,0
YLY65H,2,63100,0,LY65H,0
YMAXDG12H,2,147200,0,MAXDG12H,1
YMAXDG2H,2,68700,0,MAXDG2H,1
YMAXDG5H,2,96700,0,MAXDG5H,1
YMAXDX10H,2,11200,0,MAXDX10H,0
YMAXDX20H,2,81400,0,MAXDX20H,1
YMAXDX5H,2,8000,0,MAXDX5H,0
YMAXDX7H,2,8900,0,MAXDX7H,0
YTMXHBO1H,2,60850,0,TMXHBO1H,1
YMAXDNH,2,30400,0,MAXDNH,0
YGMM10H,2,9125,0,GMM10H,0
YGMM100H,2,90125,0,GMM100H,0
YGMM200H,2,180125,0,GMM200H,0
YGMM25H,2,22625,0,GMM25H,0
YGMM5H,2,4625,0,GMM5H,0
YGMM50H,2,45125,0,GMM50H,0
YMS10H,2,10880,0,MS10H,1
YMS100H,2,107900,0,MS100H,1
YMS20H,2,22100,0,MS20H,1
YMS200H,2,215700,0,MS200H,1
YMS50H,2,54000,0,MS50H,1
YMS500H,2,539100,0,MS500H,1
YMEV120H,2,108125,0,MEV120H,0
YMEV285H,2,256625,0,MEV285H,0
YMEV545H,2,490625,0,MEV545H,0
YMEV60H,2,54125,0,MEV60H,0
YML7H,2,316600,0,ML7H,1
YMLSM1230H,2,475200,0,MLSM1230H,1
YMLSM127H,2,194500,0,MLSM127H,1
YMLSM1411H,2,527500,0,MLSM1411H,1
YML4H,2,48000,0,ML4H,0
YMLSM193H,2,212500,0,MLSM193H,1
YML8H,2,500000,0,ML8H,1
YMLSM3042H,2,944500,0,MLSM3042H,1
YML5H,2,96700,0,ML5H,0
YML1H,2,10900,0,ML1H,1
YMLSM390H,2,240500,0,MLSM390H,1
YMLSM4H,2,159000,0,MLSM4H,1
YMLSM5408H,2,1575500,0,MLSM5408H,1
YMLSM586H,2,317000,0,MLSM586H,1
YML6H,2,192500,0,ML6H,0
YML2H,2,23600,0,ML2H,1
YML3H,2,30000,0,ML3H,1
YMOG100H,2,90125,0,MOG100H,0
YMOG20H,2,18125,0,MOG20H,0
YMOG50H,2,45125,0,MOG50H,0
YMCDP1000H,2,419325,0,MCDP1000H,0
YMCDP150H,2,66125,0,MCDP150H,0
YMCDP350H,2,147725,0,MCDP350H,0
YMCDP450H,2,190425,0,MCDP450H,0
YMCDP50H,2,22425,0,MCDP50H,0
YNCO1600H,2,351000,0,NCO1600H,0
YNCO400H,2,89000,0,NCO400H,0
YNCO800H,2,176000,0,NCO800H,0
YXTAL350H,2,9400,0,XTAL350H,0
YXTAL300H,2,87850,0,XTAL300H,0
YGOG10H,2,9325,0,GOG10H,0
YGOG100H,2,92125,0,GOG100H,0
YGOG30H,2,27725,0,GOG30H,0
YGOG50H,2,46100,0,GOG50H,0
YCMD100H,2,56000,0,CMD100H,0
YCMD60H,2,37000,0,CMD60H,0
YCMD3H,2,10275,0,CMD3H,1
YCMD20H,2,21000,0,CMD20H,0
YCMD30H,2,31000,0,CMD30H,1
YCMD150H,2,150000,0,CMD150H,0
YSDX15H,2,47700,0,SDX15H,0
YSDX15H,2,49500,0,SPT40H,0
YSPT5H,2,6075,0,SPT5H,1
YSPT50H,2,69500,0,SPT50H,1
YSPT100H,2,110570,0,SPT100H,1
YSPT10H,2,11575,0,SPT10H,1
YWAKPLMBNG,2,0,2500,WAKPLMBNG,1
YWABATAM,2,0,2500,WABATAM,1
YWAACEHTGRA,2,0,2500,WAACEHTGRA,1
YWAAETRA,2,0,2500,WAAETRA,1
YWAETRATG,2,0,2500,WAETRATG,1
YWABJRNGR,2,0,3000,WABJRNGR,1
YWABARA,2,0,2500,WABARA,1
YWABKTINGGI,2,0,3000,WABKTINGGI,1
YWAENREKANG,2,0,2500,WAENREKANG,1
YWAHSS,2,0,3000,WAHSS,1
YWAIBANJAR,2,0,2500,WAIBANJAR,1
YWAAGAM,2,0,2500,WAAGAM,1
YWABADUNG,2,0,2500,WABADUNG,1
YWAKABBKS,2,0,2500,WAKABBKS,0
YWABELU,2,0,2500,WABELU,1
YWACIREBON,2,0,2500,WACIREBON,1
YWAGIANYAR,2,0,2500,WAGIANYAR,1
YWAGRESIK,2,0,2500,WAGRESIK,1
YWAINDMAYU,2,0,1800,WAINDMAYU,1
YWAKUNING,2,0,3000,WAKUNING,1
YWAKUPANG,2,0,2500,WAKUPANG,1
YWALIPUKO,2,0,2500,WALIPUKO,1
YWAMAJALENG,2,0,2500,WAMAJALENG,0
YWAKABMLGNA,2,0,3000,WAKABMLGNA,1
YWAPASER,2,0,2000,WAPASER,1
YWAPURWA,2,0,2500,WAPURWA,1
YWASIDRAP,2,0,2500,WASIDRAP,1
YWASINJAI,2,0,2750,WASINJAI,1
YWASOLOK,2,0,2500,WASOLOK,1
YWASKBUMI,2,0,2500,WASKBUMI,0
YWATABALONG,2,0,2500,WATABALONG,1
YWATEGAL,2,0,2500,WATEGAL,1
YWAACEHB,2,0,2500,WAACEHB,0
YWABAL,2,0,2500,WABAL,1
YWAKABBDG,2,0,2500,WAKABBDG,1
YWABDGBAR,2,0,2500,WABDGBAR,0
YWABGK,2,0,2500,WABGK,1
YWABANGLI,2,0,2500,WABANGLI,1
YWABANTUL,2,0,2500,WABANTUL,1
YWABYMS,2,0,2500,WABYMS,1
YWABWANGI,2,0,2500,WABWANGI,1
YWABATANG,2,0,2500,WABATANG,1
YWABERAU,2,0,2500,WABERAU,1
YWABLORA,2,0,2500,WABLORA,1
YWABOGOR,2,0,2500,WABOGOR,1
YWABJN,2,0,2000,WABJN,1
YWABOMBANA,2,0,2500,WABOMBANA,1
YWABONDO,2,0,2500,WABONDO,1
YWABYL,2,0,2000,WABYL,0
YWABREBES,2,0,2500,WABREBES,1
YWABULELENG,2,0,2500,WABULELENG,1
YWACIAMIS,2,0,2500,WACIAMIS,1
YWACIANJ,2,0,2500,WACIANJ,1
YWACLCP,2,0,3000,WACLCP,1
YWAGARUT,2,0,3000,WAGARUT,1
YWAGOWA,2,0,2500,WAGOWA,1
YWAGROBGAN,2,0,2500,WAGROBGAN,1
YWAGKIDUL,2,0,2500,WAGKIDUL,1
YWAHLSUNGT,2,0,2000,WAHLSUNGT,0
YWAHSU,2,0,3000,WAHSU,1
YWAJMBR,2,0,2500,WAJMBR,1
YWAJPR,2,0,5500,WAJPR,0
YWAKARANGA,2,0,2500,WAKARANGA,1
YWAKRWNG,2,0,2500,WAKRWNG,0
YWAKBMN,2,0,3000,WAKBMN,1
YWAKNDL,2,0,2500,WAKNDL,1
YWAKSR,2,0,2500,WAKSR,1
YWAKLUNGK,2,0,2000,WAKLUNGK,1
YWAKUBURAYA,2,0,2000,WAKUBURAYA,1
YWAKPROGO,2,0,2000,WAKPROGO,1
YWAKUTIM,2,0,2500,WAKUTIM,1
YWALOMBOKT,2,0,2500,WALOMBOKT,1
YWALMJNG,2,0,2500,WALMJNG,0
YWAKAMADIUN,2,0,2500,WAKAMADIUN,1
YWAMAGLG,2,0,2500,WAMAGLG,1
YWAMGLG,2,0,0,WAMGLG,0
YWAMAGETAN,2,0,2500,WAMAGETAN,1
YWAKABMLG,2,0,2500,WAKABMLG,1
YWAMJK,2,0,2500,WAMJK,1
YWAMUSI,2,0,3000,WAMUSI,0
YWANGAWI,2,0,2000,WANGAWI,1
YWANIAS,2,0,2500,WANIAS,1
YWAPARIAMAN,2,0,2500,WAPARIAMAN,1
YWAPASU,2,0,2500,WAPASU,1
YWAPATI,2,0,2500,WAPATI,0
YWAKPKLNGAN,2,0,2500,WAKPKLNGAN,1
YWAPROLING,2,0,3000,WAPROLING,1
YWAPBLINGGA,2,0,2750,WAPBLINGGA,1
YWAPURWORE,2,0,2500,WAPURWORE,1
YWAREMBANG,2,0,2500,WAREMBANG,1
YWASAMPANG,2,0,2500,WASAMPANG,1
YWASANGIHE,2,0,2500,WASANGIHE,1
YWAKABSMG,2,0,2700,WAKABSMG,1
YWASRANG,2,0,2500,WASRANG,1
YWASDA,2,0,1800,WASDA,1
YWASITU,2,0,2500,WASITU,1
YWASLMN,2,0,2000,WASLMN,1
YWASRAGEN,2,0,2000,WASRAGEN,1
YWASUBG,2,0,2500,WASUBG,1
YWAMARA,2,0,2500,WAMARA,1
YWASKHJ,2,0,2000,WASKHJ,1
YWASUMED,2,0,2500,WASUMED,1
YWATAKAL,2,0,2500,WATAKAL,1
YWAKABTRA,2,0,2500,WAKABTRA,1
YWATAPIN,2,0,2000,WATAPIN,1
YWATASIK,2,0,2500,WATASIK,1
YWATEMANGG,2,0,2500,WATEMANGG,1
YWATRENGG,2,0,2000,WATRENGG,1
YWATAGUNG,2,0,2000,WATAGUNG,1
YWAWONOGIRI,2,0,2500,WAWONOGIRI,1
YWAWONOSB,2,0,2500,WAWONOSB,1
YWALAHAT,2,0,2500,WALAHAT,1
YWALUWU,2,0,3000,WALUWU,1
YWAPACITAN,2,0,2500,WAPACITAN,1
YWAPASAMAN,2,0,2500,WAPASAMAN,1
YWATEBO,2,0,2500,WATEBO,1
YWAKENDARI,2,0,3500,WAKENDARI,1
YWAKEPSULA,2,0,2500,WAKEPSULA,1
YWABALIKPPN,2,0,2000,WABALIKPPN,1
YWALMPNG,2,0,2800,WALMPNG,1
YWABDG,2,0,2800,WABDG,1
YWAJBRBNJR,2,0,2500,WAJBRBNJR,1
YWABANJAR,2,0,2500,WABANJAR,1
YWAKOBENGKU,2,0,3800,WAKOBENGKU,1
YWABINJAI,2,0,2500,WABINJAI,1
YWAKOBGR,2,0,2500,WAKOBGR,0
YWAKOCRBN,2,0,2500,WAKOCRBN,0
YWADPSR,2,0,2500,WADPSR,0
YWADEPOK,2,0,2500,WADEPOK,1
YWAKOJAMBI,2,0,2500,WAKOJAMBI,1
YWAJPURA,2,0,2500,WAJPURA,1
YWAKOKEDIRI,2,0,2500,WAKOKEDIRI,1
YWAMADIUN,2,0,2500,WAMADIUN,1
YWAMAKASAR,2,0,2500,WAMAKASAR,0
YWAMLG,2,0,2500,WAMLG,1
YWAGIRIMM,2,0,2500,WAGIRIMM,1
YWAMEDAN,2,0,2500,WAMEDAN,1
YWAPADANG,2,0,3000,WAPADANG,0
YWAPLMBNG,2,0,2500,WAPLMBNG,1
YWAPALOPO,2,0,2500,WAPALOPO,1
YWAPAREPARE,2,0,2500,WAPAREPARE,1
YWAKOPASU,2,0,2500,WAKOPASU,1
YWAPMSIANTR,2,0,2500,WAPMSIANTR,1
YWAPONTI,2,0,2500,WAPONTI,1
YWAKOPROB,2,0,2500,WAKOPROB,1
YWASLTIGA,2,0,2000,WASLTIGA,1
YWASISAM,2,0,2500,WASISAM,1
YWASMG,2,0,2300,WASMG,1
YWAKOSKBUMI,2,0,2500,WAKOSKBUMI,1
YWASBY,2,0,2000,WASBY,1
YWASBYNON,2,0,2000,WASBYNON,1
YWASRKT,2,0,2500,WASRKT,1
YWAKOSOLO,2,0,2500,WAKOSOLO,1
YWAGROGOT,2,0,2000,WAGROGOT,0
YWAKOTRA,2,0,3000,WAKOTRA,1
YWATERNATE,2,0,2500,WATERNATE,0
YWAWBATU,2,0,2500,WAWBATU,1
YWAMAJENE,2,0,2500,WAMAJENE,1
YWAMAMUJU,2,0,2500,WAMAMUJU,0
YWAMJUTNGH,2,0,2500,WAMJUTNGH,1
YWAJAMBI,2,0,2500,WAJAMBI,1
YWAPLYJ,2,0,2500,WAPLYJ,1
YWAPAMES,2,0,3000,WAPAMES,1
YWAPBUN,2,0,2500,WAPBUN,1
YWAPOLEW,2,0,2500,WAPOLEW,1
YWAPONOR,2,0,2500,WAPONOR,1
YWASAMPIT,2,0,2500,WASAMPIT,0
YWASRLANGUN,2,0,2500,WASRLANGUN,1
YWASIMAL,2,0,2500,WASIMAL,1
YWASUMENEP,2,0,2000,WASUMENEP,1
YWATTU,2,0,2500,WATTU,1
YWABTGHARI,2,0,2500,WABTGHARI,1
YWASJJNG,2,0,2500,WASJJNG,1
YWAKEPRI,2,0,2500,WAKEPRI,1
YWAKERINCI,2,0,2500,WAKERINCI,1
YWANGGARAI,2,0,2500,WANGGARAI,1
YWABENGKUT,2,0,2500,WABENGKUT,1
YWATOMOHON,2,0,2500,WATOMOHON,1
YWAWAJO,2,0,2500,WAWAJO,1
YWASUMBA,2,0,2500,WASUMBA,1
YWALINGGA,2,0,2500,WALINGGA,1
YWABEKASI,2,0,2500,WABEKASI,1
YWAJMBG,2,0,2700,WAJMBG,1
YTLP1H,2,10725,0,TLP1H,1
YTLP4H,2,80000,0,TLP4H,1
YTLP2H,2,22800,0,TLP2H,1
YTLP3H,2,25725,0,TLP3H,1
YTLP5H,2,120900,0,TLP5H,1
YGPY10H,2,9125,0,GPY10H,0
YGPY100H,2,90125,0,GPY100H,0
YGPY30H,2,27125,0,GPY30H,0
YGPY50H,2,45125,0,GPY50H,0
YPLF100H,2,90125,0,PLF100H,0
YPLF20H,2,18125,0,PLF20H,0
YPLF50H,2,45125,0,PLF50H,0
YPLNX100H,2,90125,0,PLNX100H,0
YPLNX200H,2,180125,0,PLNX200H,0
YPLNX25H,2,22625,0,PLNX25H,0
YPLNX50H,2,45125,0,PLNX50H,0
YWAMANADO,2,0,3000,WAMANADO,1
YPUBG1800H,2,392700,0,PUBG1800H,1
YPUBG325H,2,78800,0,PUBG325H,1
YPUBG3850H,2,785300,0,PUBG3850H,1
YPUBG60H,2,16000,0,PUBG60H,1
YPUBG660H,2,157200,0,PUBG660H,1
YPUBG8100H,2,1570900,0,PUBG8100H,1
YPUBG1250H,2,254200,0,PUBG1250H,1
YPUBG150H,2,31200,0,PUBG150H,1
YPUBG1750H,2,335500,0,PUBG1750H,1
YPUBG210H,2,42500,0,PUBG210H,1
YPUBG250H,2,53200,0,PUBG250H,1
YPUBG2500H,2,506500,0,PUBG2500H,1
YPUBG35H,2,7800,0,PUBG35H,0
YPUBG3500H,2,670500,0,PUBG3500H,1
YPUBG50H,2,13200,0,PUBG50H,1
YPUBG500H,2,103200,0,PUBG500H,1
YPUBG5000H,2,1015500,0,PUBG5000H,1
YPUBG70H,2,14550,0,PUBG70H,1
YPUBG700H,2,136000,0,PUBG700H,1
YGQN10H,2,9125,0,GQN10H,0
YGQN100H,2,90125,0,GQN100H,0
YGQN30H,2,27125,0,GQN30H,0
YGQN50H,2,45125,0,GQN50H,0
YGRB10H,2,9325,0,GRB10H,0
YGRB100H,2,92125,0,GRB100H,0
YGRB20H,2,18525,0,GRB20H,0
YGRB50H,2,46125,0,GRB50H,0
YMOL10000H,2,928000,0,MOL10000H,0
YMOL10H,2,10025,0,MOL10H,0
YMOL100H,2,94000,0,MOL100H,0
YMOL20H,2,19500,0,MOL20H,0
YMOL200H,2,187000,0,MOL200H,0
YMOL50H,2,47250,0,MOL50H,0
YMOL500H,2,465500,0,MOL500H,0
YGROH2H,2,15000,0,GROH2H,1
YGROH5H,2,165000,0,GROH5H,1
YGROH6H,2,330000,0,GROH6H,1
YGROH3H,2,44000,0,GROH3H,1
YGROH1H,2,5000,0,GROH1H,1
YGROH7H,2,500000,0,GROH7H,1
YGROH4H,2,75000,0,GROH4H,1
YGROH8H,2,825000,0,GROH8H,1
YGROH9H,2,1100000,0,GROH9H,1
YRXC10H,2,150000,0,RXC10H,0
YRXC100H,2,1489000,0,RXC100H,0
YRXC20H,2,299000,0,RXC20H,0
YIDR100H,2,100000,0,IDR100H,0
YIDR350H,2,250000,0,IDR350H,0
YIDR200H,2,200000,0,IDR200H,0
YIDR400H,2,400000,0,IDR400H,0
YIDV100H,2,100000,0,IDV100H,0
YIDV5H,2,50000,0,IDV5H,0
YIDR150H,2,150000,0,IDR150H,0
YIDR250H,2,250000,0,IDR250H,0
YIDR300H,2,300000,0,IDR300H,0
YIDR500H,2,500000,0,IDR500H,0
YRB10H,2,146500,0,RB10H,1
YRB25H,2,364500,0,RB25H,1
YROS10H,2,10125,0,ROS10H,0
YROS100H,2,90125,0,ROS100H,0
YROS30H,2,27125,0,ROS30H,0
YROS50H,2,45125,0,ROS50H,0
YGJD250H,2,250400,0,GJD250H,1
YTOLBN100H,2,103000,0,TOLBN100H,0
YTOLBN10H,2,13000,0,TOLBN10H,0
YTOLBN20H,2,22000,0,TOLBN20H,0
YTOLBN250H,2,253000,0,TOLBN250H,0
YTOLBN500H,2,503000,0,TOLBN500H,0
YTOLBN50H,2,53000,0,TOLBN50H,0
YTOLBR1000H,2,1000900,0,TOLBR1000H,1
YTOLBR100H,2,100900,0,TOLBR100H,1
YTOLBR20H,2,20900,0,TOLBR20H,1
YTOLBR250H,2,250700,0,TOLBR250H,0
YTOLBR500H,2,500900,0,TOLBR500H,1
YTOLBR50H,2,50900,0,TOLBR50H,1
YTOLBR750H,2,750700,0,TOLBR750H,0
YTOLBR75H,2,75700,0,TOLBR75H,0
YTOLM1000H,2,1000600,0,TOLM1000H,1
YTOLM100H,2,100600,0,TOLM100H,1
YTOLM150H,2,150600,0,TOLM150H,1
YTOLM200H,2,200600,0,TOLM200H,1
YTOLM20H,2,20600,0,TOLM20H,1
YTOLM250H,2,250600,0,TOLM250H,1
YTOLM25H,2,25600,0,TOLM25H,1
YTOLM300H,2,300600,0,TOLM300H,1
YTOLM400H,2,400600,0,TOLM400H,1
YTOLM500H,2,500600,0,TOLM500H,1
YTOLM50H,2,50600,0,TOLM50H,1
YTOLM600H,2,600600,0,TOLM600H,1
YTOLM700H,2,700600,0,TOLM700H,1
YTOLM800H,2,800600,0,TOLM800H,1
YTOLM900H,2,900600,0,TOLM900H,1
YGJK300H,2,300800,0,GJK300H,1
YGJK350H,2,350800,0,GJK350H,1
YGJK400H,2,400800,0,GJK400H,1
YGJK450H,2,450800,0,GJK450H,1
YGJK5H,2,6050,0,GJK5H,0
YGRAB40H,2,41000,0,GRAB40H,1
YGRABD20H,2,21000,0,GRABD20H,0
YGRABD30H,2,31000,0,GRABD30H,0
YGRABD40H,2,41000,0,GRABD40H,0
YGRABD50H,2,50850,0,GRABD50H,1
YMAXIMC10H,2,12000,0,MAXIMC10H,0
YMAXIMC100H,2,102000,0,MAXIMC100H,0
YMAXIMC147H,2,149000,0,MAXIMC147H,0
YMAXIMC15H,2,17000,0,MAXIMC15H,0
YMAXIMC17H,2,19000,0,MAXIMC17H,0
YMAXIMC197H,2,199000,0,MAXIMC197H,0
YMAXIMC20H,2,22000,0,MAXIMC20H,0
YMAXIMC247H,2,249000,0,MAXIMC247H,0
YMAXIMC27H,2,29000,0,MAXIMC27H,0
YMAXIMC30H,2,32000,0,MAXIMC30H,0
YMAXIMC300H,2,302000,0,MAXIMC300H,0
YMAXIMC40H,2,42000,0,MAXIMC40H,0
YMAXIMC42H,2,44000,0,MAXIMC42H,0
YMAXIMC5H,2,7000,0,MAXIMC5H,0
YMAXIMC50H,2,52000,0,MAXIMC50H,0
YMAXIMC67H,2,69000,0,MAXIMC67H,0
YMAXIMC7H,2,9000,0,MAXIMC7H,0
YMAXIMC97H,2,99000,0,MAXIMC97H,0
YMAXIM125H,2,128300,0,MAXIM125H,0
YMAXIM150H,2,153300,0,MAXIM150H,0
YMAXIM200H,2,203300,0,MAXIM200H,0
YMAXIM250H,2,253300,0,MAXIM250H,0
YMAXIM25H,2,28300,0,MAXIM25H,0
YMAXIM300H,2,303300,0,MAXIM300H,0
YMAXIM35H,2,34300,0,MAXIM35H,0
YMAXIM400H,2,403300,0,MAXIM400H,0
YMAXIM45H,2,48300,0,MAXIM45H,0
YMAXIM500H,2,503300,0,MAXIM500H,0
YMAXIM60H,2,63300,0,MAXIM60H,0
YMAXIM65H,2,68300,0,MAXIM65H,0
YMAXIM70H,2,73300,0,MAXIM70H,0
YMAXIM75H,2,78300,0,MAXIM75H,0
YMAXIM80H,2,83300,0,MAXIM80H,0
YMAXIM85H,2,88300,0,MAXIM85H,0
YMAXIM90H,2,93300,0,MAXIM90H,0
YMAXIM95H,2,98300,0,MAXIM95H,0
YMTIX100H,2,107800,0,MTIX100H,1
YMTIX150H,2,156400,0,MTIX150H,0
YMTIX250H,2,256400,0,MTIX250H,0
YMTIX25H,2,26000,0,MTIX25H,0
YMTIX300H,2,307800,0,MTIX300H,1
YMTIX30H,2,31000,0,MTIX30H,0
YMTIX40H,2,41000,0,MTIX40H,0
YMTIX50H,2,51000,0,MTIX50H,0
YMTIX60H,2,61000,0,MTIX60H,0
YMTIX70H,2,71000,0,MTIX70H,0
YMTIX80H,2,81000,0,MTIX80H,0
YOVO10H,2,10000,0,OVO10H,1
YOVO125H,2,125000,0,OVO125H,1
YOVO175H,2,175000,0,OVO175H,1
YOVO20H,2,20000,0,OVO20H,1
YOVO275H,2,275000,0,OVO275H,1
YOVO35H,2,35000,0,OVO35H,1
YOVO45H,2,45000,0,OVO45H,1
YOVO450H,2,450000,0,OVO450H,1
YOVO55H,2,55000,0,OVO55H,1
YOVO550H,2,550000,0,OVO550H,1
YOVO65H,2,65000,0,OVO65H,1
YOVO650H,2,650000,0,OVO650H,1
YOVO75H,2,75000,0,OVO75H,1
YOVO85H,2,85000,0,OVO85H,1
YOVO850H,2,850000,0,OVO850H,1
YOVO95H,2,95000,0,OVO95H,1
YOVO950H,2,950000,0,OVO950H,1
YSHOP1000H,2,1001175,0,SHOP1000H,0
YSHOP10H,2,11175,0,SHOP10H,1
YSHOP150H,2,151175,0,SHOP150H,1
YSHOP15H,2,16175,0,SHOP15H,1
YSHOP250H,2,251175,0,SHOP250H,1
YSPN10H,2,9625,0,SPN10H,0
YSPN100H,2,95125,0,SPN100H,0
YSPN2H,2,2500,0,SPN2H,0
YSPN20H,2,19125,0,SPN20H,0
YSPN30H,2,28625,0,SPN30H,0
YSPN50H,2,47625,0,SPN50H,0
YSDBP50H,2,190000,0,SDBP50H,0
YSMD60H,2,60100,0,SMD60H,0
YSMD75H,2,75400,0,SMD75H,0
YSKYPED10H,2,157000,0,SKYPED10H,0
YSKYPED25H,2,391000,0,SKYPED25H,0
YCM40H,2,40200,0,CM40H,0
YCM500H,2,490500,0,CM500H,1
YCM70H,2,69200,0,CM70H,0
YCM80H,2,79150,0,CM80H,1
YCM90H,2,88825,0,CM90H,1
YSMD20H,2,20500,0,SMD20H,0
YCMDV3H,2,10600,0,CMDV3H,1
YCMDV16H,2,46500,0,CMDV16H,0
YSTGC1H,2,14350,0,STGC1H,0
YSTGC15H,2,141750,0,STGC15H,0
YSTGC25H,2,294050,0,STGC25H,0
YSTGC40H,2,470750,0,STGC40H,0
YSTGC5H,2,53300,0,STGC5H,0
YSTGC7H,2,71350,0,STGC7H,0
YSTGC60H,2,707500,0,STGC60H,0
YSTGC10H,2,106600,0,STGC10H,0
YSTWC12H,2,16900,0,STWC12H,1
YSTWC120H,2,158950,0,STWC120H,1
YSTWC250H,2,330850,0,STWC250H,1
YSTWC400H,2,527850,0,STWC400H,1
YSTWC45H,2,60250,0,STWC45H,1
YSTWC60H,2,79750,0,STWC60H,1
YSTWC600H,2,789850,0,STWC600H,1
YSTWC90H,2,119350,0,STWC90H,1
YSTWC10H,2,159400,0,STWC10H,0
YSTWC15H,2,238400,0,STWC15H,0
YSTWC5H,2,80400,0,STWC5H,0
YSD50H,2,49950,0,SD50H,1
YS35H,2,35000,0,S35H,1
YS45H,2,45000,0,S45H,1
YBYU10H,2,10500,0,BYU10H,1
YBYU100H,2,99560,0,BYU100H,1
YBYU15H,2,15625,0,BYU15H,1
YBYU150H,2,150700,0,BYU150H,1
YBYU20H,2,20100,0,BYU20H,1
YBYU200H,2,200700,0,BYU200H,1
YBYU25H,2,25400,0,BYU25H,1
YBYU5H,2,5600,0,BYU5H,1
YBYU50H,2,50500,0,BYU50H,1
YSD5H,2,6950,0,SD5H,1
YSDF1000H,2,24400,0,SDF1000H,1
YS2H,2,2950,0,S2H,1
YS3H,2,3725,0,S3H,1
YS4H,2,4950,0,S4H,1
YTS100H,2,93825,0,TS100H,1
YTS10H,2,10310,0,TS10H,1
YTS110H,2,103000,0,TS110H,1
YTS115H,2,105100,0,TS115H,0
YTS120H,2,112500,0,TS120H,0
YTS125H,2,117000,0,TS125H,0
YTS130H,2,121300,0,TS130H,0
YTS135H,2,126100,0,TS135H,0
YTS140H,2,131000,0,TS140H,0
YTS145H,2,135300,0,TS145H,0
YTS150H,2,138725,0,TS150H,1
YTS15H,2,15025,0,TS15H,1
YTS160H,2,150000,0,TS160H,0
YTS170H,2,158600,0,TS170H,0
YTS180H,2,169000,0,TS180H,0
YTS190H,2,181000,0,TS190H,0
YTS200H,2,185800,0,TS200H,1
YTS20H,2,20558,0,TS20H,1
YTS25H,2,25080,0,TS25H,1
YTS300H,2,278500,0,TS300H,1
YTS30H,2,29460,0,TS30H,1
YTS35H,2,33860,0,TS35H,1
YTS400H,2,363700,0,TS400H,0
YTS40H,2,38260,0,TS40H,1
YTS45H,2,42610,0,TS45H,1
YTS500H,2,456200,0,TS500H,1
YTS50H,2,47870,0,TS50H,1
YTS55H,2,52320,0,TS55H,1
YTS5H,2,5375,0,TS5H,1
YTS60H,2,56720,0,TS60H,1
YTS65H,2,61120,0,TS65H,1
YTS70H,2,65525,0,TS70H,1
YTS75H,2,69925,0,TS75H,1
YTS80H,2,74275,0,TS80H,1
YTS85H,2,78675,0,TS85H,1
YTS90H,2,83050,0,TS90H,1
YTLPXL200H,2,15250,0,TLPXL200H,1
YTLPXL300H,2,71255,0,TLPXL300H,1
YTLPXL350H,2,13250,0,TLPXL350H,1
YTER10H,2,9125,0,TER10H,0
YTER100H,2,90125,0,TER100H,0
YTER20H,2,18125,0,TER20H,0
YTER200H,2,180125,0,TER200H,0
YTER30H,2,27125,0,TER30H,0
YTER300H,2,270125,0,TER300H,0
YTER50H,2,45125,0,TER50H,0
YTD100H,2,5250,0,TD100H,0
YTD125H,2,24550,0,TD125H,0
YTD25H,2,2750,0,TD25H,0
YTDV14H,2,24975,0,TDV14H,1
YTDLTE33H,2,91750,0,TDLTE33H,0
YTD400H,2,10250,0,TD400H,0
YTD500H,2,33550,0,TD500H,0
YTD85H,2,61200,0,TD85H,1
YTRD125H,2,32625,0,TRD125H,1
YTRD20H,2,2300,0,TRD20H,1
YTRD300H,2,10075,0,TRD300H,1
YTRD425H,2,81000,0,TRD425H,1
YTRD650H,2,19800,0,TRD650H,1
YTRD80H,2,5125,0,TRD80H,1
YT1H,2,1450,0,T1H,1
YTT15H,2,15500,0,TT15H,1
YTT200H,2,196720,0,TT200H,1
YTIXID1000H,2,1001500,0,TIXID1000H,0
YTIXID100H,2,100900,0,TIXID100H,1
YTIXID10H,2,10700,0,TIXID10H,1
YTIXID200H,2,200900,0,TIXID200H,1
YTIXID25H,2,25700,0,TIXID25H,1
YTIXID300H,2,301000,0,TIXID300H,1
YTIXID400H,2,401000,0,TIXID400H,1
YTIXID500H,2,500900,0,TIXID500H,1
YTIXID50H,2,50900,0,TIXID50H,1
YTIXID600H,2,600900,0,TIXID600H,0
YTIXID800H,2,800900,0,TIXID800H,0
YTIXID900H,2,901000,0,TIXID900H,0
YTLPXLS200H,2,36250,0,TLPXLS200H,1
YTRA137H,2,170000,0,TRA137H,0
YTRA265H,2,325500,0,TRA265H,0
YTRA27H,2,33600,0,TRA27H,0
YTRA63H,2,78900,0,TRA63H,0
YSDP5H,2,6300,0,SDP5H,1
YSDGFF1H,2,22600,0,SDGFF1H,0
YSDGML1H,2,22600,0,SDGML1H,0
YSDP25H,2,25000,0,SDP25H,1
YSD25H,2,24300,0,SD25H,1
YSDP20H,2,13300,0,SDP20H,0
YSD10H,2,10750,0,SD10H,1
YSDC40H,2,41780,0,SDC40H,1
YSDGFF2H,2,47200,0,SDGFF2H,0
YSDGML2H,2,47200,0,SDGML2H,0
YSDB27H,2,193500,0,SDB27H,1
YSDX2H,2,46400,0,SDX2H,0
YSDP10H,2,8475,0,SDP10H,0
YSDX4H,2,66500,0,SDX4H,1
YSD20H,2,20175,0,SD20H,1
YSDB50H,2,229000,0,SDB50H,1
YSDX8H,2,132500,0,SDX8H,1
YSDC25H,2,24150,0,SDC25H,1
YSDB3H,2,50450,0,SDB3H,1
YSDB37H,2,181625,0,SDB37H,0
YSDB5H,2,79600,0,SDB5H,1
YSDC15H,2,16530,0,SDC15H,1
YSDBM1H,2,28775,0,SDBM1H,1
YSDBM10H,2,58775,0,SDBM10H,0
YSDBM2H,2,43000,0,SDBM2H,1
YSDBM3H,2,48200,0,SDBM3H,1
YSDBM5H,2,49600,0,SDBM5H,0
YSDO100H,2,172900,0,SDO100H,0
YSDO10H,2,31200,0,SDO10H,1
YSDO130H,2,196200,0,SDO130H,1
YSDO150H,2,247700,0,SDO150H,1
YSDO175H,2,245700,0,SDO175H,1
YSDO250H,2,388700,0,SDO250H,1
YSDO35H,2,80300,0,SDO35H,1
YSDO50H,2,98450,0,SDO50H,1
YSDO70H,2,128700,0,SDO70H,0
YUGC100H,2,122625,0,UGC100H,0
YUGC200H,2,245125,0,UGC200H,0
YUGC25H,2,25125,0,UGC25H,0
YUGC50H,2,58925,0,UGC50H,0
YGUNI10H,2,10200,0,GUNI10H,1
YGUNI100H,2,98500,0,GUNI100H,1
YGUNI20H,2,20050,0,GUNI20H,1
YGUNI300H,2,290500,0,GUNI300H,1
YGUNI50H,2,49500,0,GUNI50H,1
YGUNI500H,2,490500,0,GUNI500H,1
YSMDU100H,2,98300,0,SMDU100H,0
YID15H,2,122728,0,ID15H,0
YCMDU1H,2,78920,0,CMDU1H,1
YSMDU60H,2,60200,0,SMDU60H,0
YIDJH,2,147403,0,IDJH,0
YGGW1000H,2,950125,0,GGW1000H,0
YGGW100H,2,95125,0,GGW100H,0
YGGW200H,2,190125,0,GGW200H,0
YGGW50H,2,47625,0,GGW50H,0
YGGW500H,2,475125,0,GGW500H,0
YTVISN1TH,2,172500,0,TVISN1TH,1
YTVISN30H,2,26000,0,TVISN30H,1
YTVISN01H,2,9000,0,TVISN01H,1
YTVISN90H,2,69000,0,TVISN90H,1
YVWW15H,2,13625,0,VWW15H,0
YVWW30H,2,27125,0,VWW30H,0
YVWW60H,2,54125,0,VWW60H,0
YVAFA100H,2,100800,0,VAFA100H,1
YVAFA10H,2,11200,0,VAFA10H,0
YVAFA25H,2,26100,0,VAFA25H,1
YVAFA50H,2,50975,0,VAFA50H,1
YVAFA5H,2,6275,0,VAFA5H,0
YVCAR100H,2,99200,0,VCAR100H,1
YVCAR50H,2,50200,0,VCAR50H,1
YVIN100H,2,100200,0,VIN100H,0
YVIN25H,2,26000,0,VIN25H,1
YVIN50H,2,50900,0,VIN50H,0
YSMDV100H,2,98300,0,SMDV100H,0
YSMDV12H,2,12450,0,SMDV12H,0
YSMDV25H,2,25400,0,SMDV25H,0
YSMDV50H,2,50100,0,SMDV50H,0
YSMDV60H,2,60400,0,SMDV60H,0
YGAS50H,2,45125,0,GAS50H,0
YTDV10H,2,126800,0,TDV10H,0
YTDV1H,2,20025,0,TDV1H,1
YTDV2H,2,37550,0,TDV2H,1
YIDV2H,2,49275,0,IDV2H,1
YIDV3H,2,68900,0,IDV3H,0
YTDV4H,2,73100,0,TDV4H,0
YTDV8H,2,104000,0,TDV8H,0
YTDV3H,2,66050,0,TDV3H,0
YTDV5H,2,40000,0,TDV5H,1
YTDV6H,2,86900,0,TDV6H,0
YAXDV10H,2,135600,0,AXDV10H,0
YGTN30H,2,11300,0,GTN30H,0
YGTN7H,2,3300,0,GTN7H,1
YGTN14H,2,5500,0,GTN14H,1
YGTN90H,2,26000,0,GTN90H,1
YGTN3H,2,2200,0,GTN3H,0
YGTN180H,2,51500,0,GTN180H,1
YFBGC100H,2,96425,0,FBGC100H,0
YFBGC30H,2,29375,0,FBGC30H,0
YFBGC50H,2,48275,0,FBGC50H,0
YIDVF14H,2,50300,0,IDVF14H,1
YIDVF28H,2,88075,0,IDVF28H,1
YIDVF7H,2,27150,0,IDVF7H,1
YIDVF3H,2,26600,0,IDVF3H,1
YGPI10H,2,10900,0,GPI10H,1
YGPI5H,2,5600,0,GPI5H,1
YVGR100H,2,99200,0,VGR100H,1
YVGR50H,2,49800,0,VGR50H,1
YVMS1165H,2,289000,0,VMS1165H,1
YVMS1765H,2,438000,0,VMS1765H,1
YVMS275H,2,72500,0,VMS275H,1
YVMS55H,2,15500,0,VMS55H,1
YVMS565H,2,145000,0,VMS565H,1
YVROGZ1200H,2,293500,0,VROGZ1200H,0
YVROGZ120H,2,29600,0,VROGZ120H,0
YVROGZ18H,2,5100,0,VROGZ18H,0
YVROGZ2000H,2,489500,0,VROGZ2000H,0
YVROGZ200H,2,49400,0,VROGZ200H,0
YVROGZ300H,2,73750,0,VROGZ300H,0
YVROGZ36H,2,9400,0,VROGZ36H,0
YVROGZ40H,2,10400,0,VROGZ40H,0
YVROGZ400H,2,98500,0,VROGZ400H,0
YVROGZ54H,2,13700,0,VROGZ54H,0
YVROGZ600H,2,146775,0,VROGZ600H,0
YVROGZ72H,2,18100,0,VROGZ72H,0
YVROGZ8H,2,2800,0,VROGZ8H,0
YVROGZ80H,2,20200,0,VROGZ80H,0
YVROGZ800H,2,196500,0,VROGZ800H,0
YVROGZ90H,2,22400,0,VROGZ90H,0
YVROGC1H,2,4600,0,VROGC1H,1
YVROGC20H,2,49400,0,VROGC20H,1
YVROGC3H,2,8000,0,VROGC3H,1
YVROGC30H,2,73800,0,VROGC30H,1
YVROGC4H,2,10500,0,VROGC4H,1
YVROGC40H,2,98400,0,VROGC40H,1
YVROGC5H,2,13000,0,VROGC5H,1
YVROGC7H,2,17500,0,VROGC7H,1
YVROGC8H,2,20500,0,VROGC8H,1
YVROGC80H,2,196500,0,VROGC80H,1
YCMDUV5H,2,22900,0,CMDUV5H,1
YIDV7H,2,90475,0,IDV7H,1
YIDV20H,2,159225,0,IDV20H,1
YAGV10H,2,9125,0,AGV10H,0
YAGV100H,2,90125,0,AGV100H,0
YAGV20H,2,18125,0,AGV20H,0
YAGV30H,2,27125,0,AGV30H,0
YAGV50H,2,45125,0,AGV50H,0
YGWW10H,2,10080,0,GWW10H,1
YGWW100H,2,100400,0,GWW100H,1
YGWW20H,2,20160,0,GWW20H,1
YGWW250H,2,250300,0,GWW250H,1
YGWW50H,2,50300,0,GWW50H,1
YWOT25H,2,397000,0,WOT25H,1
YWOW20H,2,316000,0,WOW20H,1
YXDC19H,2,83050,0,XDC19H,1
YXDC26H,2,116575,0,XDC26H,1
YXDC40H,2,161700,0,XDC40H,1
YXDC56H,2,218400,0,XDC56H,1
YXDC12H,2,54975,0,XDC12H,0
YXDH800H,2,29300,0,XDH800H,1
YXD15H,2,16050,0,XD15H,0
YXD90H,2,91600,0,XD90H,0
YXD40H,2,81300,0,XD40H,0
YXD35H,2,53400,0,XD35H,0
YXD1H,2,47850,0,XD1H,1
YXDH1H,2,9550,0,XDH1H,1
YXDH500H,2,5650,0,XDH500H,1
YXD49H,2,55800,0,XD49H,0
YXD99H,2,111200,0,XD99H,0
YXD75H,2,78200,0,XD75H,0
YXD30H,2,29600,0,XD30H,1
YXD449H,2,271550,0,XD449H,0
YXTS200H,2,12700,0,XTS200H,0
YXTS500H,2,30200,0,XTS500H,0
YXTS600H,2,30200,0,XTS600H,0
YXNS200H,2,35625,0,XNS200H,1
YXNO7H,2,10800,0,XNO7H,1
YXNL20H,2,7900,0,XNL20H,0
YXNL80H,2,24200,0,XNL80H,0
YXD20H,2,25300,0,XD20H,0
YXD12H,2,82600,0,XD12H,0
YXD50H,2,41150,0,XD50H,0
YXT3H,2,4600,0,XT3H,0
YXCG15H,2,54000,0,XCG15H,1
YXCG24H,2,78500,0,XCG24H,1
YXCG37H,2,109500,0,XCG37H,1
YXCG65H,2,148500,0,XCG65H,1
YXCG95H,2,197000,0,XCG95H,1
YXDT100H,2,10650,0,XDT100H,1
YXLVIP5H,2,62825,0,XLVIP5H,1
YXKIF5H,2,10325,0,XKIF5H,1
YXKI23H,2,5650,0,XKI23H,1
YXKI2H,2,10325,0,XKI2H,1
YXKI37H,2,9075,0,XKI37H,0
YXKJ10H,2,10325,0,XKJ10H,1
YXKM5H,2,10325,0,XKM5H,1
YXDT50H,2,10500,0,XDT50H,1
YXKML10H,2,10325,0,XKML10H,1
YXKT23H,2,5650,0,XKT23H,1
YXKT37H,2,9075,0,XKT37H,0
YXKW10H,2,10325,0,XKW10H,1
YXKY2H,2,10050,0,XKY2H,0
YXKY23H,2,5650,0,XKY23H,1
YXKY37H,2,9075,0,XKY37H,0
YZPT10H,2,10000,0,ZPT10H,1
YZPT100H,2,97500,0,ZPT100H,1
YZY100H,2,125650,0,ZY100H,0
YZY20H,2,25700,0,ZY20H,0
YZY50H,2,65600,0,ZY50H,0
YMOL10,1,11000,0,MOL10,1
YMOL100,1,105050,0,MOL100,1
YMOL20,1,21450,0,MOL20,1
YMOL200,1,209550,0,MOL200,1
YMOL50,1,52800,0,MOL50,1
YFF20,1,3080,0,FF20,1
YFF75,1,10345,0,FF75,0
YHG10,1,3145,0,HG10,1
YHG100,1,28749,0,HG100,1
YHG125,1,35500,0,HG125,1
YHG15,1,4510,0,HG15,1
YHG150,1,42476,0,HG150,1
YHG175,1,49752,0,HG175,1
YHG20,1,5886,0,HG20,1
YHG200,1,57485,0,HG200,1
YHG25,1,7291,0,HG25,1
YHG250,1,70580,0,HG250,1
YHG275,1,77520,0,HG275,1
YHG30,1,8732,0,HG30,1
YHG300,1,84570,0,HG300,1
YHG325,1,91820,0,HG325,1
YHG35,1,10602,0,HG35,1
YHG350,1,98370,0,HG350,1
YHG40,1,11877,0,HG40,1
YHG5,1,1760,0,HG5,1
YHG50,1,14620,0,HG50,1
YHG55,1,15978,0,HG55,1
YHG60,1,17333,0,HG60,1
YHG65,1,18740,0,HG65,1
YHG70,1,20043,0,HG70,1
YHG75,1,21400,0,HG75,1
YHG80,1,22805,0,HG80,1
YHG85,1,24350,0,HG85,1
YHG95,1,27559,0,HG95,1
YML12,1,4070,0,ML12,1
YML1412,1,327110,0,ML1412,0
YML15,1,6245,0,ML15,1
YML169,1,42695,0,ML169,1
YML170,1,42350,0,ML170,1
YML172,1,42890,0,ML172,1
YML1830,1,483250,0,ML1830,1
YML185,1,53140,0,ML185,1
YML19,1,6165,0,ML19,1
YML2195,1,456470,0,ML2195,1
YML220,1,62469,0,ML220,1
YML222,1,64570,0,ML222,1
YML257,1,70675,0,ML257,1
YML28,1,8820,0,ML28,1
YML282,1,85917,0,ML282,1
YML296,1,85765,0,ML296,1
YML3688,1,808627,0,ML3688,0
YML370,1,107050,0,ML370,1
YML429,1,105595,0,ML429,1
YML5,1,2100,0,ML5,1
YML514,1,123226,0,ML514,0
YML56,1,17375,0,ML56,1
YML568,1,153975,0,ML568,1
YML59,1,17525,0,ML59,1
YML706,1,163798,0,ML706,0
YML875,1,203990,0,ML875,1
YML878,1,204360,0,ML878,1
YML963,1,239950,0,ML963,1
YMOG200,1,182575,0,MOG200,1
YMOG500,1,452575,0,MOG500,1
YPU125,1,23385,0,PU125,1
YYGFF12H,1,2130,0,FF12,1
YYGFF140H,1,18950,0,FF140,1
YYGFF1450H,1,189975,0,FF1450,1
YYGFF2000H,1,246604,0,FF2000,1
YYGFF2180H,1,283450,0,FF2180,1
YYGFF30H,1,4895,0,FF30,0
YYGFF355H,1,44975,0,FF355,1
YYGFF3640H,1,479915,0,FF3640,0
YYGFF5H,1,1113,0,FF5,1
YYGFF50H,1,6849,0,FF50,1
YYGFF70H,1,9795,0,FF70,1
YYGFF720H,1,94950,0,FF720,1
YYHAGO225H,1,63304,0,HG225,1
YYHAGO375H,1,105840,0,HG375,1
YYHAGO45H,1,13217,0,HG45,1
YYHAGO6H,1,3070,0,HG6,1
YYHAGO90H,1,26214,0,HG90,1
YYHAGO900H,1,251175,0,HG900,1
YYML7H,1,318975,0,ML1159,1
YYML4H,1,41487,0,ML167,1
YYDML33H,1,10770,0,ML33,1
YYML5H,1,82355,0,ML344,0
YYDML345H,1,110580,0,ML345,1
YYML1H,1,11245,0,ML36,1
YYDML45H,1,13299,0,ML44,1
YYDML67H,1,20797,0,ML67,1
YML702,1,196615,0,ML702,1
YYML2H,1,21070,0,ML74,1
YYDML75H,1,21120,0,ML75,1
YYML3H,1,21445,0,ML85,1
YYMOG100H,1,91575,0,MOG100,1
YYMOG20H,1,18550,0,MOG20,1
YYMOG50H,1,46075,0,MOG50,1
YYPUBG1250H,1,246585,0,PU1250,1
YYPUBG150H,1,29510,0,PU150,1
YYPUBG1750H,1,332985,0,PU1750,1
YYPUBG210H,1,41110,0,PU210,1
YYPUBG250H,1,46185,0,PU250,1
YYPUBG2500H,1,487895,0,PU2500,1
YYPUBG35H,1,7825,0,PU35,1
YYPUBG3500H,1,664780,0,PU3500,1
YYPUBG50H,1,9596,0,PU50,1
YYPUBG500H,1,91285,0,PU500,1
YYPUBG5000H,1,1006545,0,PU5000,1
YYPUBG70H,1,14430,0,PU70,1
YYPUBG700H,1,134185,0,PU700,1
YYPLN10,1,11765,0,PLN10,1
YYPLN100,1,100195,0,PLN100,1
YYPLN1000,1,1000195,0,PLN1000,1
YYPLN15,1,16765,0,PLN15,1
YYPLN20,1,20195,0,PLN20,1
YYPLN200,1,200195,0,PLN200,1
YYPLN5,1,6765,0,PLN5,1
YYPLN50,1,50195,0,PLN50,1
YYPLN500,1,500195,0,PLN500,1
YYGUNI10H,1,10450,0,UNI10,1
YYGUNI100H,1,101650,0,UNI100,1
YYGUNI20H,1,20650,0,UNI20,1
YYGUNI300H,1,303150,0,UNI300,1
YYGUNI50H,1,51050,0,UNI50,1
YYGUNI500H,1,506150,0,UNI500,1
YYGRN50H,1,46150,0,GR50,1
YYGRN10H,1,9545,0,GR10,1
YYGRN100H,1,92150,0,GR100,1
YYGRN20H,1,18625,0,GR20,1
